--
-- PostgreSQL database dump
--

-- Dumped from database version 17.4
-- Dumped by pg_dump version 17.4

SET statement_timeout = 0;
SET lock_timeout = 0;
SET idle_in_transaction_session_timeout = 0;
SET transaction_timeout = 0;
SET client_encoding = 'UTF8';
SET standard_conforming_strings = on;
SELECT pg_catalog.set_config('search_path', '', false);
SET check_function_bodies = false;
SET xmloption = content;
SET client_min_messages = warning;
SET row_security = off;

SET default_tablespace = '';

SET default_table_access_method = heap;

--
-- Name: appointment; Type: TABLE; Schema: public; Owner: yydz
--

CREATE TABLE public.appointment (
    date date NOT NULL,
    "time" character varying NOT NULL,
    cabinet_id uuid NOT NULL,
    doctor_id uuid NOT NULL,
    profile_id uuid
);


ALTER TABLE public.appointment OWNER TO yydz;

--
-- Name: cabinet; Type: TABLE; Schema: public; Owner: yydz
--

CREATE TABLE public.cabinet (
    id uuid NOT NULL,
    number integer NOT NULL,
    specialization_id integer NOT NULL
);


ALTER TABLE public.cabinet OWNER TO yydz;

--
-- Name: doctor; Type: TABLE; Schema: public; Owner: yydz
--

CREATE TABLE public.doctor (
    id uuid NOT NULL,
    last_name character varying NOT NULL,
    first_name character varying NOT NULL,
    second_name character varying,
    avatar_link character varying,
    specialization_id integer NOT NULL
);


ALTER TABLE public.doctor OWNER TO yydz;

--
-- Name: profile; Type: TABLE; Schema: public; Owner: yydz
--

CREATE TABLE public.profile (
    id uuid NOT NULL,
    phone character varying NOT NULL,
    last_name character varying NOT NULL,
    first_name character varying NOT NULL,
    second_name character varying,
    gender boolean NOT NULL,
    birth_date date NOT NULL,
    passport_series character varying NOT NULL,
    passport_number character varying NOT NULL,
    passport_issuer character varying NOT NULL,
    passport_issue_date date NOT NULL,
    snils character varying NOT NULL
);


ALTER TABLE public.profile OWNER TO yydz;

--
-- Name: specialization; Type: TABLE; Schema: public; Owner: yydz
--

CREATE TABLE public.specialization (
    id integer NOT NULL,
    title character varying NOT NULL
);


ALTER TABLE public.specialization OWNER TO yydz;

--
-- Data for Name: appointment; Type: TABLE DATA; Schema: public; Owner: yydz
--

COPY public.specialization (id, title) FROM stdin;
1	Терапевт
2	Хирург
3	Офтальмолог
4	Невролог
5	Кардиолог
6	Отоларинголог
7	Стоматолог
8	Гинеколог
9	Уролог
10	Дерматолог
\.

COPY public.cabinet (id, number, specialization_id) FROM stdin;
a0eebc99-9c0b-4ef8-bb6d-6bb9bd380a11	101	1
b1eebc99-9c0b-4ef8-bb6d-6bb9bd380a12	102	1
c2eebc99-9c0b-4ef8-bb6d-6bb9bd380a13	201	2
d3eebc99-9c0b-4ef8-bb6d-6bb9bd380a14	202	3
e4eebc99-9c0b-4ef8-bb6d-6bb9bd380a15	301	4
f5eebc99-9c0b-4ef8-bb6d-6bb9bd380a16	302	5
a6eebc99-9c0b-4ef8-bb6d-6bb9bd380a17	401	6
b7eebc99-9c0b-4ef8-bb6d-6bb9bd380a18	402	7
c8eebc99-9c0b-4ef8-bb6d-6bb9bd380a19	501	8
d9eebc99-9c0b-4ef8-bb6d-6bb9bd380a20	502	9
\.

COPY public.doctor (id, last_name, first_name, second_name, avatar_link, specialization_id) FROM stdin;
e0eebc99-9c0b-4ef8-bb6d-6bb9bd380a21	Иванов	Алексей	Петрович	avatars/ivanov.jpg	1
f1eebc99-9c0b-4ef8-bb6d-6bb9bd380a22	Смирнова	Елена	Владимировна	avatars/smirnova.jpg	1
a2eebc99-9c0b-4ef8-bb6d-6bb9bd380a23	Петров	Дмитрий	Сергеевич	avatars/petrov.jpg	2
b3eebc99-9c0b-4ef8-bb6d-6bb9bd380a24	Сидорова	Ольга	Игоревна	avatars/sidorova.jpg	3
c4eebc99-9c0b-4ef8-bb6d-6bb9bd380a25	Кузнецов	Михаил	Александрович	avatars/kuznetsov.jpg	4
d5eebc99-9c0b-4ef8-bb6d-6bb9bd380a26	Васильева	Анна	Дмитриевна	avatars/vasileva.jpg	5
e6eebc99-9c0b-4ef8-bb6d-6bb9bd380a27	Николаев	Сергей	Викторович	avatars/nikolaev.jpg	6
f7eebc99-9c0b-4ef8-bb6d-6bb9bd380a28	Павлова	Мария	Сергеевна	avatars/pavlova.jpg	7
a8eebc99-9c0b-4ef8-bb6d-6bb9bd380a29	Федоров	Андрей	Олегович	avatars/fedorov.jpg	8
b9eebc99-9c0b-4ef8-bb6d-6bb9bd380a30	Морозова	Татьяна	Алексеевна	avatars/morozova.jpg	9
\.

COPY public.profile (id, phone, last_name, first_name, second_name, gender, birth_date, passport_series, passport_number, passport_issuer, passport_issue_date, snils) FROM stdin;
8a849bbe-1eff-429b-8beb-3a3b251f27e0	79876543210	Воронцов	Илья	Андреевич	t	2004-08-24	1234	567890	УМВД России по Томской области	2024-09-07	123-456-789 00
\.

COPY public.appointment (date, "time", cabinet_id, doctor_id, profile_id) FROM stdin;
2025-06-04	09:00	a0eebc99-9c0b-4ef8-bb6d-6bb9bd380a11	e0eebc99-9c0b-4ef8-bb6d-6bb9bd380a21	\N
2025-06-04	09:40	a0eebc99-9c0b-4ef8-bb6d-6bb9bd380a11	e0eebc99-9c0b-4ef8-bb6d-6bb9bd380a21	\N
2025-06-04	10:20	a0eebc99-9c0b-4ef8-bb6d-6bb9bd380a11	e0eebc99-9c0b-4ef8-bb6d-6bb9bd380a21	\N
2025-06-04	14:00	a0eebc99-9c0b-4ef8-bb6d-6bb9bd380a11	e0eebc99-9c0b-4ef8-bb6d-6bb9bd380a21	\N
2025-06-04	14:20	a0eebc99-9c0b-4ef8-bb6d-6bb9bd380a11	e0eebc99-9c0b-4ef8-bb6d-6bb9bd380a21	\N
2025-06-04	14:40	a0eebc99-9c0b-4ef8-bb6d-6bb9bd380a11	e0eebc99-9c0b-4ef8-bb6d-6bb9bd380a21	\N
2025-06-04	15:00	a0eebc99-9c0b-4ef8-bb6d-6bb9bd380a11	e0eebc99-9c0b-4ef8-bb6d-6bb9bd380a21	\N
2025-06-04	15:20	a0eebc99-9c0b-4ef8-bb6d-6bb9bd380a11	e0eebc99-9c0b-4ef8-bb6d-6bb9bd380a21	\N
2025-06-05	09:00	a0eebc99-9c0b-4ef8-bb6d-6bb9bd380a11	e0eebc99-9c0b-4ef8-bb6d-6bb9bd380a21	\N
2025-06-05	09:40	a0eebc99-9c0b-4ef8-bb6d-6bb9bd380a11	e0eebc99-9c0b-4ef8-bb6d-6bb9bd380a21	\N
2025-06-05	10:20	a0eebc99-9c0b-4ef8-bb6d-6bb9bd380a11	e0eebc99-9c0b-4ef8-bb6d-6bb9bd380a21	\N
2025-06-05	14:00	a0eebc99-9c0b-4ef8-bb6d-6bb9bd380a11	e0eebc99-9c0b-4ef8-bb6d-6bb9bd380a21	\N
2025-06-05	14:20	a0eebc99-9c0b-4ef8-bb6d-6bb9bd380a11	e0eebc99-9c0b-4ef8-bb6d-6bb9bd380a21	\N
2025-06-05	14:40	a0eebc99-9c0b-4ef8-bb6d-6bb9bd380a11	e0eebc99-9c0b-4ef8-bb6d-6bb9bd380a21	\N
2025-06-05	15:00	a0eebc99-9c0b-4ef8-bb6d-6bb9bd380a11	e0eebc99-9c0b-4ef8-bb6d-6bb9bd380a21	\N
2025-06-05	15:20	a0eebc99-9c0b-4ef8-bb6d-6bb9bd380a11	e0eebc99-9c0b-4ef8-bb6d-6bb9bd380a21	\N
2025-06-06	09:00	a0eebc99-9c0b-4ef8-bb6d-6bb9bd380a11	e0eebc99-9c0b-4ef8-bb6d-6bb9bd380a21	\N
2025-06-06	09:40	a0eebc99-9c0b-4ef8-bb6d-6bb9bd380a11	e0eebc99-9c0b-4ef8-bb6d-6bb9bd380a21	\N
2025-06-06	10:20	a0eebc99-9c0b-4ef8-bb6d-6bb9bd380a11	e0eebc99-9c0b-4ef8-bb6d-6bb9bd380a21	\N
2025-06-06	14:00	a0eebc99-9c0b-4ef8-bb6d-6bb9bd380a11	e0eebc99-9c0b-4ef8-bb6d-6bb9bd380a21	\N
2025-06-06	14:20	a0eebc99-9c0b-4ef8-bb6d-6bb9bd380a11	e0eebc99-9c0b-4ef8-bb6d-6bb9bd380a21	\N
2025-06-06	14:40	a0eebc99-9c0b-4ef8-bb6d-6bb9bd380a11	e0eebc99-9c0b-4ef8-bb6d-6bb9bd380a21	\N
2025-06-06	15:00	a0eebc99-9c0b-4ef8-bb6d-6bb9bd380a11	e0eebc99-9c0b-4ef8-bb6d-6bb9bd380a21	\N
2025-06-06	15:20	a0eebc99-9c0b-4ef8-bb6d-6bb9bd380a11	e0eebc99-9c0b-4ef8-bb6d-6bb9bd380a21	\N
2025-06-09	09:00	a0eebc99-9c0b-4ef8-bb6d-6bb9bd380a11	e0eebc99-9c0b-4ef8-bb6d-6bb9bd380a21	\N
2025-06-09	09:40	a0eebc99-9c0b-4ef8-bb6d-6bb9bd380a11	e0eebc99-9c0b-4ef8-bb6d-6bb9bd380a21	\N
2025-06-09	10:20	a0eebc99-9c0b-4ef8-bb6d-6bb9bd380a11	e0eebc99-9c0b-4ef8-bb6d-6bb9bd380a21	\N
2025-06-09	14:00	a0eebc99-9c0b-4ef8-bb6d-6bb9bd380a11	e0eebc99-9c0b-4ef8-bb6d-6bb9bd380a21	\N
2025-06-09	14:20	a0eebc99-9c0b-4ef8-bb6d-6bb9bd380a11	e0eebc99-9c0b-4ef8-bb6d-6bb9bd380a21	\N
2025-06-09	14:40	a0eebc99-9c0b-4ef8-bb6d-6bb9bd380a11	e0eebc99-9c0b-4ef8-bb6d-6bb9bd380a21	\N
2025-06-09	15:00	a0eebc99-9c0b-4ef8-bb6d-6bb9bd380a11	e0eebc99-9c0b-4ef8-bb6d-6bb9bd380a21	\N
2025-06-09	15:20	a0eebc99-9c0b-4ef8-bb6d-6bb9bd380a11	e0eebc99-9c0b-4ef8-bb6d-6bb9bd380a21	\N
2025-06-10	09:00	a0eebc99-9c0b-4ef8-bb6d-6bb9bd380a11	e0eebc99-9c0b-4ef8-bb6d-6bb9bd380a21	\N
2025-06-10	09:40	a0eebc99-9c0b-4ef8-bb6d-6bb9bd380a11	e0eebc99-9c0b-4ef8-bb6d-6bb9bd380a21	\N
2025-06-10	10:20	a0eebc99-9c0b-4ef8-bb6d-6bb9bd380a11	e0eebc99-9c0b-4ef8-bb6d-6bb9bd380a21	\N
2025-06-10	14:00	a0eebc99-9c0b-4ef8-bb6d-6bb9bd380a11	e0eebc99-9c0b-4ef8-bb6d-6bb9bd380a21	\N
2025-06-10	14:20	a0eebc99-9c0b-4ef8-bb6d-6bb9bd380a11	e0eebc99-9c0b-4ef8-bb6d-6bb9bd380a21	\N
2025-06-10	14:40	a0eebc99-9c0b-4ef8-bb6d-6bb9bd380a11	e0eebc99-9c0b-4ef8-bb6d-6bb9bd380a21	\N
2025-06-10	15:00	a0eebc99-9c0b-4ef8-bb6d-6bb9bd380a11	e0eebc99-9c0b-4ef8-bb6d-6bb9bd380a21	\N
2025-06-10	15:20	a0eebc99-9c0b-4ef8-bb6d-6bb9bd380a11	e0eebc99-9c0b-4ef8-bb6d-6bb9bd380a21	\N
2025-06-11	09:00	a0eebc99-9c0b-4ef8-bb6d-6bb9bd380a11	e0eebc99-9c0b-4ef8-bb6d-6bb9bd380a21	\N
2025-06-11	09:40	a0eebc99-9c0b-4ef8-bb6d-6bb9bd380a11	e0eebc99-9c0b-4ef8-bb6d-6bb9bd380a21	\N
2025-06-11	10:20	a0eebc99-9c0b-4ef8-bb6d-6bb9bd380a11	e0eebc99-9c0b-4ef8-bb6d-6bb9bd380a21	\N
2025-06-11	14:00	a0eebc99-9c0b-4ef8-bb6d-6bb9bd380a11	e0eebc99-9c0b-4ef8-bb6d-6bb9bd380a21	\N
2025-06-11	14:20	a0eebc99-9c0b-4ef8-bb6d-6bb9bd380a11	e0eebc99-9c0b-4ef8-bb6d-6bb9bd380a21	\N
2025-06-11	14:40	a0eebc99-9c0b-4ef8-bb6d-6bb9bd380a11	e0eebc99-9c0b-4ef8-bb6d-6bb9bd380a21	\N
2025-06-11	15:00	a0eebc99-9c0b-4ef8-bb6d-6bb9bd380a11	e0eebc99-9c0b-4ef8-bb6d-6bb9bd380a21	\N
2025-06-11	15:20	a0eebc99-9c0b-4ef8-bb6d-6bb9bd380a11	e0eebc99-9c0b-4ef8-bb6d-6bb9bd380a21	\N
2025-06-12	09:00	a0eebc99-9c0b-4ef8-bb6d-6bb9bd380a11	e0eebc99-9c0b-4ef8-bb6d-6bb9bd380a21	\N
2025-06-12	09:40	a0eebc99-9c0b-4ef8-bb6d-6bb9bd380a11	e0eebc99-9c0b-4ef8-bb6d-6bb9bd380a21	\N
2025-06-12	10:20	a0eebc99-9c0b-4ef8-bb6d-6bb9bd380a11	e0eebc99-9c0b-4ef8-bb6d-6bb9bd380a21	\N
2025-06-12	14:00	a0eebc99-9c0b-4ef8-bb6d-6bb9bd380a11	e0eebc99-9c0b-4ef8-bb6d-6bb9bd380a21	\N
2025-06-12	14:20	a0eebc99-9c0b-4ef8-bb6d-6bb9bd380a11	e0eebc99-9c0b-4ef8-bb6d-6bb9bd380a21	\N
2025-06-12	14:40	a0eebc99-9c0b-4ef8-bb6d-6bb9bd380a11	e0eebc99-9c0b-4ef8-bb6d-6bb9bd380a21	\N
2025-06-12	15:00	a0eebc99-9c0b-4ef8-bb6d-6bb9bd380a11	e0eebc99-9c0b-4ef8-bb6d-6bb9bd380a21	\N
2025-06-12	15:20	a0eebc99-9c0b-4ef8-bb6d-6bb9bd380a11	e0eebc99-9c0b-4ef8-bb6d-6bb9bd380a21	\N
2025-06-13	09:00	a0eebc99-9c0b-4ef8-bb6d-6bb9bd380a11	e0eebc99-9c0b-4ef8-bb6d-6bb9bd380a21	\N
2025-06-13	09:40	a0eebc99-9c0b-4ef8-bb6d-6bb9bd380a11	e0eebc99-9c0b-4ef8-bb6d-6bb9bd380a21	\N
2025-06-13	10:20	a0eebc99-9c0b-4ef8-bb6d-6bb9bd380a11	e0eebc99-9c0b-4ef8-bb6d-6bb9bd380a21	\N
2025-06-13	14:00	a0eebc99-9c0b-4ef8-bb6d-6bb9bd380a11	e0eebc99-9c0b-4ef8-bb6d-6bb9bd380a21	\N
2025-06-13	14:20	a0eebc99-9c0b-4ef8-bb6d-6bb9bd380a11	e0eebc99-9c0b-4ef8-bb6d-6bb9bd380a21	\N
2025-06-13	14:40	a0eebc99-9c0b-4ef8-bb6d-6bb9bd380a11	e0eebc99-9c0b-4ef8-bb6d-6bb9bd380a21	\N
2025-06-13	15:00	a0eebc99-9c0b-4ef8-bb6d-6bb9bd380a11	e0eebc99-9c0b-4ef8-bb6d-6bb9bd380a21	\N
2025-06-13	15:20	a0eebc99-9c0b-4ef8-bb6d-6bb9bd380a11	e0eebc99-9c0b-4ef8-bb6d-6bb9bd380a21	\N
2025-06-16	09:00	a0eebc99-9c0b-4ef8-bb6d-6bb9bd380a11	e0eebc99-9c0b-4ef8-bb6d-6bb9bd380a21	\N
2025-06-16	09:40	a0eebc99-9c0b-4ef8-bb6d-6bb9bd380a11	e0eebc99-9c0b-4ef8-bb6d-6bb9bd380a21	\N
2025-06-16	10:20	a0eebc99-9c0b-4ef8-bb6d-6bb9bd380a11	e0eebc99-9c0b-4ef8-bb6d-6bb9bd380a21	\N
2025-06-16	14:00	a0eebc99-9c0b-4ef8-bb6d-6bb9bd380a11	e0eebc99-9c0b-4ef8-bb6d-6bb9bd380a21	\N
2025-06-16	14:20	a0eebc99-9c0b-4ef8-bb6d-6bb9bd380a11	e0eebc99-9c0b-4ef8-bb6d-6bb9bd380a21	\N
2025-06-16	14:40	a0eebc99-9c0b-4ef8-bb6d-6bb9bd380a11	e0eebc99-9c0b-4ef8-bb6d-6bb9bd380a21	\N
2025-06-16	15:00	a0eebc99-9c0b-4ef8-bb6d-6bb9bd380a11	e0eebc99-9c0b-4ef8-bb6d-6bb9bd380a21	\N
2025-06-16	15:20	a0eebc99-9c0b-4ef8-bb6d-6bb9bd380a11	e0eebc99-9c0b-4ef8-bb6d-6bb9bd380a21	\N
2025-06-17	09:00	a0eebc99-9c0b-4ef8-bb6d-6bb9bd380a11	e0eebc99-9c0b-4ef8-bb6d-6bb9bd380a21	\N
2025-06-17	09:40	a0eebc99-9c0b-4ef8-bb6d-6bb9bd380a11	e0eebc99-9c0b-4ef8-bb6d-6bb9bd380a21	\N
2025-06-17	10:20	a0eebc99-9c0b-4ef8-bb6d-6bb9bd380a11	e0eebc99-9c0b-4ef8-bb6d-6bb9bd380a21	\N
2025-06-17	14:00	a0eebc99-9c0b-4ef8-bb6d-6bb9bd380a11	e0eebc99-9c0b-4ef8-bb6d-6bb9bd380a21	\N
2025-06-17	14:20	a0eebc99-9c0b-4ef8-bb6d-6bb9bd380a11	e0eebc99-9c0b-4ef8-bb6d-6bb9bd380a21	\N
2025-06-17	14:40	a0eebc99-9c0b-4ef8-bb6d-6bb9bd380a11	e0eebc99-9c0b-4ef8-bb6d-6bb9bd380a21	\N
2025-06-17	15:00	a0eebc99-9c0b-4ef8-bb6d-6bb9bd380a11	e0eebc99-9c0b-4ef8-bb6d-6bb9bd380a21	\N
2025-06-17	15:20	a0eebc99-9c0b-4ef8-bb6d-6bb9bd380a11	e0eebc99-9c0b-4ef8-bb6d-6bb9bd380a21	\N
2025-06-18	09:00	a0eebc99-9c0b-4ef8-bb6d-6bb9bd380a11	e0eebc99-9c0b-4ef8-bb6d-6bb9bd380a21	\N
2025-06-18	09:40	a0eebc99-9c0b-4ef8-bb6d-6bb9bd380a11	e0eebc99-9c0b-4ef8-bb6d-6bb9bd380a21	\N
2025-06-18	10:20	a0eebc99-9c0b-4ef8-bb6d-6bb9bd380a11	e0eebc99-9c0b-4ef8-bb6d-6bb9bd380a21	\N
2025-06-18	14:00	a0eebc99-9c0b-4ef8-bb6d-6bb9bd380a11	e0eebc99-9c0b-4ef8-bb6d-6bb9bd380a21	\N
2025-06-18	14:20	a0eebc99-9c0b-4ef8-bb6d-6bb9bd380a11	e0eebc99-9c0b-4ef8-bb6d-6bb9bd380a21	\N
2025-06-18	14:40	a0eebc99-9c0b-4ef8-bb6d-6bb9bd380a11	e0eebc99-9c0b-4ef8-bb6d-6bb9bd380a21	\N
2025-06-18	15:00	a0eebc99-9c0b-4ef8-bb6d-6bb9bd380a11	e0eebc99-9c0b-4ef8-bb6d-6bb9bd380a21	\N
2025-06-18	15:20	a0eebc99-9c0b-4ef8-bb6d-6bb9bd380a11	e0eebc99-9c0b-4ef8-bb6d-6bb9bd380a21	\N
2025-06-19	09:00	a0eebc99-9c0b-4ef8-bb6d-6bb9bd380a11	e0eebc99-9c0b-4ef8-bb6d-6bb9bd380a21	\N
2025-06-19	09:40	a0eebc99-9c0b-4ef8-bb6d-6bb9bd380a11	e0eebc99-9c0b-4ef8-bb6d-6bb9bd380a21	\N
2025-06-19	10:20	a0eebc99-9c0b-4ef8-bb6d-6bb9bd380a11	e0eebc99-9c0b-4ef8-bb6d-6bb9bd380a21	\N
2025-06-19	14:00	a0eebc99-9c0b-4ef8-bb6d-6bb9bd380a11	e0eebc99-9c0b-4ef8-bb6d-6bb9bd380a21	\N
2025-06-19	14:20	a0eebc99-9c0b-4ef8-bb6d-6bb9bd380a11	e0eebc99-9c0b-4ef8-bb6d-6bb9bd380a21	\N
2025-06-19	14:40	a0eebc99-9c0b-4ef8-bb6d-6bb9bd380a11	e0eebc99-9c0b-4ef8-bb6d-6bb9bd380a21	\N
2025-06-19	15:00	a0eebc99-9c0b-4ef8-bb6d-6bb9bd380a11	e0eebc99-9c0b-4ef8-bb6d-6bb9bd380a21	\N
2025-06-19	15:20	a0eebc99-9c0b-4ef8-bb6d-6bb9bd380a11	e0eebc99-9c0b-4ef8-bb6d-6bb9bd380a21	\N
2025-06-20	09:00	a0eebc99-9c0b-4ef8-bb6d-6bb9bd380a11	e0eebc99-9c0b-4ef8-bb6d-6bb9bd380a21	\N
2025-06-20	09:40	a0eebc99-9c0b-4ef8-bb6d-6bb9bd380a11	e0eebc99-9c0b-4ef8-bb6d-6bb9bd380a21	\N
2025-06-20	10:20	a0eebc99-9c0b-4ef8-bb6d-6bb9bd380a11	e0eebc99-9c0b-4ef8-bb6d-6bb9bd380a21	\N
2025-06-20	14:00	a0eebc99-9c0b-4ef8-bb6d-6bb9bd380a11	e0eebc99-9c0b-4ef8-bb6d-6bb9bd380a21	\N
2025-06-20	14:20	a0eebc99-9c0b-4ef8-bb6d-6bb9bd380a11	e0eebc99-9c0b-4ef8-bb6d-6bb9bd380a21	\N
2025-06-20	14:40	a0eebc99-9c0b-4ef8-bb6d-6bb9bd380a11	e0eebc99-9c0b-4ef8-bb6d-6bb9bd380a21	\N
2025-06-20	15:00	a0eebc99-9c0b-4ef8-bb6d-6bb9bd380a11	e0eebc99-9c0b-4ef8-bb6d-6bb9bd380a21	\N
2025-06-20	15:20	a0eebc99-9c0b-4ef8-bb6d-6bb9bd380a11	e0eebc99-9c0b-4ef8-bb6d-6bb9bd380a21	\N
2025-06-23	09:00	a0eebc99-9c0b-4ef8-bb6d-6bb9bd380a11	e0eebc99-9c0b-4ef8-bb6d-6bb9bd380a21	\N
2025-06-23	09:40	a0eebc99-9c0b-4ef8-bb6d-6bb9bd380a11	e0eebc99-9c0b-4ef8-bb6d-6bb9bd380a21	\N
2025-06-23	10:20	a0eebc99-9c0b-4ef8-bb6d-6bb9bd380a11	e0eebc99-9c0b-4ef8-bb6d-6bb9bd380a21	\N
2025-06-23	14:00	a0eebc99-9c0b-4ef8-bb6d-6bb9bd380a11	e0eebc99-9c0b-4ef8-bb6d-6bb9bd380a21	\N
2025-06-23	14:20	a0eebc99-9c0b-4ef8-bb6d-6bb9bd380a11	e0eebc99-9c0b-4ef8-bb6d-6bb9bd380a21	\N
2025-06-23	14:40	a0eebc99-9c0b-4ef8-bb6d-6bb9bd380a11	e0eebc99-9c0b-4ef8-bb6d-6bb9bd380a21	\N
2025-06-23	15:00	a0eebc99-9c0b-4ef8-bb6d-6bb9bd380a11	e0eebc99-9c0b-4ef8-bb6d-6bb9bd380a21	\N
2025-06-23	15:20	a0eebc99-9c0b-4ef8-bb6d-6bb9bd380a11	e0eebc99-9c0b-4ef8-bb6d-6bb9bd380a21	\N
2025-06-24	09:00	a0eebc99-9c0b-4ef8-bb6d-6bb9bd380a11	e0eebc99-9c0b-4ef8-bb6d-6bb9bd380a21	\N
2025-06-24	09:40	a0eebc99-9c0b-4ef8-bb6d-6bb9bd380a11	e0eebc99-9c0b-4ef8-bb6d-6bb9bd380a21	\N
2025-06-24	10:20	a0eebc99-9c0b-4ef8-bb6d-6bb9bd380a11	e0eebc99-9c0b-4ef8-bb6d-6bb9bd380a21	\N
2025-06-24	14:00	a0eebc99-9c0b-4ef8-bb6d-6bb9bd380a11	e0eebc99-9c0b-4ef8-bb6d-6bb9bd380a21	\N
2025-06-24	14:20	a0eebc99-9c0b-4ef8-bb6d-6bb9bd380a11	e0eebc99-9c0b-4ef8-bb6d-6bb9bd380a21	\N
2025-06-24	14:40	a0eebc99-9c0b-4ef8-bb6d-6bb9bd380a11	e0eebc99-9c0b-4ef8-bb6d-6bb9bd380a21	\N
2025-06-24	15:00	a0eebc99-9c0b-4ef8-bb6d-6bb9bd380a11	e0eebc99-9c0b-4ef8-bb6d-6bb9bd380a21	\N
2025-06-24	15:20	a0eebc99-9c0b-4ef8-bb6d-6bb9bd380a11	e0eebc99-9c0b-4ef8-bb6d-6bb9bd380a21	\N
2025-06-04	09:00	a0eebc99-9c0b-4ef8-bb6d-6bb9bd380a11	f1eebc99-9c0b-4ef8-bb6d-6bb9bd380a22	\N
2025-06-04	09:40	a0eebc99-9c0b-4ef8-bb6d-6bb9bd380a11	f1eebc99-9c0b-4ef8-bb6d-6bb9bd380a22	\N
2025-06-04	10:20	a0eebc99-9c0b-4ef8-bb6d-6bb9bd380a11	f1eebc99-9c0b-4ef8-bb6d-6bb9bd380a22	\N
2025-06-04	14:00	a0eebc99-9c0b-4ef8-bb6d-6bb9bd380a11	f1eebc99-9c0b-4ef8-bb6d-6bb9bd380a22	\N
2025-06-04	14:20	a0eebc99-9c0b-4ef8-bb6d-6bb9bd380a11	f1eebc99-9c0b-4ef8-bb6d-6bb9bd380a22	\N
2025-06-04	14:40	a0eebc99-9c0b-4ef8-bb6d-6bb9bd380a11	f1eebc99-9c0b-4ef8-bb6d-6bb9bd380a22	\N
2025-06-04	15:00	a0eebc99-9c0b-4ef8-bb6d-6bb9bd380a11	f1eebc99-9c0b-4ef8-bb6d-6bb9bd380a22	\N
2025-06-04	15:20	a0eebc99-9c0b-4ef8-bb6d-6bb9bd380a11	f1eebc99-9c0b-4ef8-bb6d-6bb9bd380a22	\N
2025-06-05	09:00	a0eebc99-9c0b-4ef8-bb6d-6bb9bd380a11	f1eebc99-9c0b-4ef8-bb6d-6bb9bd380a22	\N
2025-06-05	10:20	a0eebc99-9c0b-4ef8-bb6d-6bb9bd380a11	f1eebc99-9c0b-4ef8-bb6d-6bb9bd380a22	\N
2025-06-05	14:00	a0eebc99-9c0b-4ef8-bb6d-6bb9bd380a11	f1eebc99-9c0b-4ef8-bb6d-6bb9bd380a22	\N
2025-06-05	14:20	a0eebc99-9c0b-4ef8-bb6d-6bb9bd380a11	f1eebc99-9c0b-4ef8-bb6d-6bb9bd380a22	\N
2025-06-05	14:40	a0eebc99-9c0b-4ef8-bb6d-6bb9bd380a11	f1eebc99-9c0b-4ef8-bb6d-6bb9bd380a22	\N
2025-06-05	15:00	a0eebc99-9c0b-4ef8-bb6d-6bb9bd380a11	f1eebc99-9c0b-4ef8-bb6d-6bb9bd380a22	\N
2025-06-05	15:20	a0eebc99-9c0b-4ef8-bb6d-6bb9bd380a11	f1eebc99-9c0b-4ef8-bb6d-6bb9bd380a22	\N
2025-06-06	09:00	a0eebc99-9c0b-4ef8-bb6d-6bb9bd380a11	f1eebc99-9c0b-4ef8-bb6d-6bb9bd380a22	\N
2025-06-06	09:40	a0eebc99-9c0b-4ef8-bb6d-6bb9bd380a11	f1eebc99-9c0b-4ef8-bb6d-6bb9bd380a22	\N
2025-06-06	10:20	a0eebc99-9c0b-4ef8-bb6d-6bb9bd380a11	f1eebc99-9c0b-4ef8-bb6d-6bb9bd380a22	\N
2025-06-06	14:00	a0eebc99-9c0b-4ef8-bb6d-6bb9bd380a11	f1eebc99-9c0b-4ef8-bb6d-6bb9bd380a22	\N
2025-06-06	14:20	a0eebc99-9c0b-4ef8-bb6d-6bb9bd380a11	f1eebc99-9c0b-4ef8-bb6d-6bb9bd380a22	\N
2025-06-06	14:40	a0eebc99-9c0b-4ef8-bb6d-6bb9bd380a11	f1eebc99-9c0b-4ef8-bb6d-6bb9bd380a22	\N
2025-06-06	15:00	a0eebc99-9c0b-4ef8-bb6d-6bb9bd380a11	f1eebc99-9c0b-4ef8-bb6d-6bb9bd380a22	\N
2025-06-06	15:20	a0eebc99-9c0b-4ef8-bb6d-6bb9bd380a11	f1eebc99-9c0b-4ef8-bb6d-6bb9bd380a22	\N
2025-06-09	09:00	a0eebc99-9c0b-4ef8-bb6d-6bb9bd380a11	f1eebc99-9c0b-4ef8-bb6d-6bb9bd380a22	\N
2025-06-09	09:40	a0eebc99-9c0b-4ef8-bb6d-6bb9bd380a11	f1eebc99-9c0b-4ef8-bb6d-6bb9bd380a22	\N
2025-06-09	10:20	a0eebc99-9c0b-4ef8-bb6d-6bb9bd380a11	f1eebc99-9c0b-4ef8-bb6d-6bb9bd380a22	\N
2025-06-09	14:00	a0eebc99-9c0b-4ef8-bb6d-6bb9bd380a11	f1eebc99-9c0b-4ef8-bb6d-6bb9bd380a22	\N
2025-06-09	14:20	a0eebc99-9c0b-4ef8-bb6d-6bb9bd380a11	f1eebc99-9c0b-4ef8-bb6d-6bb9bd380a22	\N
2025-06-09	14:40	a0eebc99-9c0b-4ef8-bb6d-6bb9bd380a11	f1eebc99-9c0b-4ef8-bb6d-6bb9bd380a22	\N
2025-06-09	15:00	a0eebc99-9c0b-4ef8-bb6d-6bb9bd380a11	f1eebc99-9c0b-4ef8-bb6d-6bb9bd380a22	\N
2025-06-09	15:20	a0eebc99-9c0b-4ef8-bb6d-6bb9bd380a11	f1eebc99-9c0b-4ef8-bb6d-6bb9bd380a22	\N
2025-06-10	09:00	a0eebc99-9c0b-4ef8-bb6d-6bb9bd380a11	f1eebc99-9c0b-4ef8-bb6d-6bb9bd380a22	\N
2025-06-10	09:40	a0eebc99-9c0b-4ef8-bb6d-6bb9bd380a11	f1eebc99-9c0b-4ef8-bb6d-6bb9bd380a22	\N
2025-06-10	10:20	a0eebc99-9c0b-4ef8-bb6d-6bb9bd380a11	f1eebc99-9c0b-4ef8-bb6d-6bb9bd380a22	\N
2025-06-10	14:00	a0eebc99-9c0b-4ef8-bb6d-6bb9bd380a11	f1eebc99-9c0b-4ef8-bb6d-6bb9bd380a22	\N
2025-06-10	14:20	a0eebc99-9c0b-4ef8-bb6d-6bb9bd380a11	f1eebc99-9c0b-4ef8-bb6d-6bb9bd380a22	\N
2025-06-10	14:40	a0eebc99-9c0b-4ef8-bb6d-6bb9bd380a11	f1eebc99-9c0b-4ef8-bb6d-6bb9bd380a22	\N
2025-06-10	15:00	a0eebc99-9c0b-4ef8-bb6d-6bb9bd380a11	f1eebc99-9c0b-4ef8-bb6d-6bb9bd380a22	\N
2025-06-10	15:20	a0eebc99-9c0b-4ef8-bb6d-6bb9bd380a11	f1eebc99-9c0b-4ef8-bb6d-6bb9bd380a22	\N
2025-06-11	09:00	a0eebc99-9c0b-4ef8-bb6d-6bb9bd380a11	f1eebc99-9c0b-4ef8-bb6d-6bb9bd380a22	\N
2025-06-11	09:40	a0eebc99-9c0b-4ef8-bb6d-6bb9bd380a11	f1eebc99-9c0b-4ef8-bb6d-6bb9bd380a22	\N
2025-06-11	10:20	a0eebc99-9c0b-4ef8-bb6d-6bb9bd380a11	f1eebc99-9c0b-4ef8-bb6d-6bb9bd380a22	\N
2025-06-11	14:00	a0eebc99-9c0b-4ef8-bb6d-6bb9bd380a11	f1eebc99-9c0b-4ef8-bb6d-6bb9bd380a22	\N
2025-06-11	14:20	a0eebc99-9c0b-4ef8-bb6d-6bb9bd380a11	f1eebc99-9c0b-4ef8-bb6d-6bb9bd380a22	\N
2025-06-11	14:40	a0eebc99-9c0b-4ef8-bb6d-6bb9bd380a11	f1eebc99-9c0b-4ef8-bb6d-6bb9bd380a22	\N
2025-06-11	15:00	a0eebc99-9c0b-4ef8-bb6d-6bb9bd380a11	f1eebc99-9c0b-4ef8-bb6d-6bb9bd380a22	\N
2025-06-11	15:20	a0eebc99-9c0b-4ef8-bb6d-6bb9bd380a11	f1eebc99-9c0b-4ef8-bb6d-6bb9bd380a22	\N
2025-06-12	09:00	a0eebc99-9c0b-4ef8-bb6d-6bb9bd380a11	f1eebc99-9c0b-4ef8-bb6d-6bb9bd380a22	\N
2025-06-12	09:40	a0eebc99-9c0b-4ef8-bb6d-6bb9bd380a11	f1eebc99-9c0b-4ef8-bb6d-6bb9bd380a22	\N
2025-06-12	10:20	a0eebc99-9c0b-4ef8-bb6d-6bb9bd380a11	f1eebc99-9c0b-4ef8-bb6d-6bb9bd380a22	\N
2025-06-12	14:00	a0eebc99-9c0b-4ef8-bb6d-6bb9bd380a11	f1eebc99-9c0b-4ef8-bb6d-6bb9bd380a22	\N
2025-06-12	14:20	a0eebc99-9c0b-4ef8-bb6d-6bb9bd380a11	f1eebc99-9c0b-4ef8-bb6d-6bb9bd380a22	\N
2025-06-12	14:40	a0eebc99-9c0b-4ef8-bb6d-6bb9bd380a11	f1eebc99-9c0b-4ef8-bb6d-6bb9bd380a22	\N
2025-06-12	15:00	a0eebc99-9c0b-4ef8-bb6d-6bb9bd380a11	f1eebc99-9c0b-4ef8-bb6d-6bb9bd380a22	\N
2025-06-12	15:20	a0eebc99-9c0b-4ef8-bb6d-6bb9bd380a11	f1eebc99-9c0b-4ef8-bb6d-6bb9bd380a22	\N
2025-06-13	09:00	a0eebc99-9c0b-4ef8-bb6d-6bb9bd380a11	f1eebc99-9c0b-4ef8-bb6d-6bb9bd380a22	\N
2025-06-13	09:40	a0eebc99-9c0b-4ef8-bb6d-6bb9bd380a11	f1eebc99-9c0b-4ef8-bb6d-6bb9bd380a22	\N
2025-06-13	10:20	a0eebc99-9c0b-4ef8-bb6d-6bb9bd380a11	f1eebc99-9c0b-4ef8-bb6d-6bb9bd380a22	\N
2025-06-13	14:00	a0eebc99-9c0b-4ef8-bb6d-6bb9bd380a11	f1eebc99-9c0b-4ef8-bb6d-6bb9bd380a22	\N
2025-06-13	14:20	a0eebc99-9c0b-4ef8-bb6d-6bb9bd380a11	f1eebc99-9c0b-4ef8-bb6d-6bb9bd380a22	\N
2025-06-13	14:40	a0eebc99-9c0b-4ef8-bb6d-6bb9bd380a11	f1eebc99-9c0b-4ef8-bb6d-6bb9bd380a22	\N
2025-06-13	15:00	a0eebc99-9c0b-4ef8-bb6d-6bb9bd380a11	f1eebc99-9c0b-4ef8-bb6d-6bb9bd380a22	\N
2025-06-13	15:20	a0eebc99-9c0b-4ef8-bb6d-6bb9bd380a11	f1eebc99-9c0b-4ef8-bb6d-6bb9bd380a22	\N
2025-06-16	09:00	a0eebc99-9c0b-4ef8-bb6d-6bb9bd380a11	f1eebc99-9c0b-4ef8-bb6d-6bb9bd380a22	\N
2025-06-16	09:40	a0eebc99-9c0b-4ef8-bb6d-6bb9bd380a11	f1eebc99-9c0b-4ef8-bb6d-6bb9bd380a22	\N
2025-06-16	10:20	a0eebc99-9c0b-4ef8-bb6d-6bb9bd380a11	f1eebc99-9c0b-4ef8-bb6d-6bb9bd380a22	\N
2025-06-16	14:00	a0eebc99-9c0b-4ef8-bb6d-6bb9bd380a11	f1eebc99-9c0b-4ef8-bb6d-6bb9bd380a22	\N
2025-06-16	14:20	a0eebc99-9c0b-4ef8-bb6d-6bb9bd380a11	f1eebc99-9c0b-4ef8-bb6d-6bb9bd380a22	\N
2025-06-16	14:40	a0eebc99-9c0b-4ef8-bb6d-6bb9bd380a11	f1eebc99-9c0b-4ef8-bb6d-6bb9bd380a22	\N
2025-06-16	15:00	a0eebc99-9c0b-4ef8-bb6d-6bb9bd380a11	f1eebc99-9c0b-4ef8-bb6d-6bb9bd380a22	\N
2025-06-16	15:20	a0eebc99-9c0b-4ef8-bb6d-6bb9bd380a11	f1eebc99-9c0b-4ef8-bb6d-6bb9bd380a22	\N
2025-06-17	09:00	a0eebc99-9c0b-4ef8-bb6d-6bb9bd380a11	f1eebc99-9c0b-4ef8-bb6d-6bb9bd380a22	\N
2025-06-17	09:40	a0eebc99-9c0b-4ef8-bb6d-6bb9bd380a11	f1eebc99-9c0b-4ef8-bb6d-6bb9bd380a22	\N
2025-06-17	10:20	a0eebc99-9c0b-4ef8-bb6d-6bb9bd380a11	f1eebc99-9c0b-4ef8-bb6d-6bb9bd380a22	\N
2025-06-17	14:00	a0eebc99-9c0b-4ef8-bb6d-6bb9bd380a11	f1eebc99-9c0b-4ef8-bb6d-6bb9bd380a22	\N
2025-06-17	14:20	a0eebc99-9c0b-4ef8-bb6d-6bb9bd380a11	f1eebc99-9c0b-4ef8-bb6d-6bb9bd380a22	\N
2025-06-17	14:40	a0eebc99-9c0b-4ef8-bb6d-6bb9bd380a11	f1eebc99-9c0b-4ef8-bb6d-6bb9bd380a22	\N
2025-06-17	15:00	a0eebc99-9c0b-4ef8-bb6d-6bb9bd380a11	f1eebc99-9c0b-4ef8-bb6d-6bb9bd380a22	\N
2025-06-17	15:20	a0eebc99-9c0b-4ef8-bb6d-6bb9bd380a11	f1eebc99-9c0b-4ef8-bb6d-6bb9bd380a22	\N
2025-06-18	09:00	a0eebc99-9c0b-4ef8-bb6d-6bb9bd380a11	f1eebc99-9c0b-4ef8-bb6d-6bb9bd380a22	\N
2025-06-18	09:40	a0eebc99-9c0b-4ef8-bb6d-6bb9bd380a11	f1eebc99-9c0b-4ef8-bb6d-6bb9bd380a22	\N
2025-06-18	10:20	a0eebc99-9c0b-4ef8-bb6d-6bb9bd380a11	f1eebc99-9c0b-4ef8-bb6d-6bb9bd380a22	\N
2025-06-18	14:00	a0eebc99-9c0b-4ef8-bb6d-6bb9bd380a11	f1eebc99-9c0b-4ef8-bb6d-6bb9bd380a22	\N
2025-06-18	14:20	a0eebc99-9c0b-4ef8-bb6d-6bb9bd380a11	f1eebc99-9c0b-4ef8-bb6d-6bb9bd380a22	\N
2025-06-18	14:40	a0eebc99-9c0b-4ef8-bb6d-6bb9bd380a11	f1eebc99-9c0b-4ef8-bb6d-6bb9bd380a22	\N
2025-06-18	15:00	a0eebc99-9c0b-4ef8-bb6d-6bb9bd380a11	f1eebc99-9c0b-4ef8-bb6d-6bb9bd380a22	\N
2025-06-18	15:20	a0eebc99-9c0b-4ef8-bb6d-6bb9bd380a11	f1eebc99-9c0b-4ef8-bb6d-6bb9bd380a22	\N
2025-06-19	09:00	a0eebc99-9c0b-4ef8-bb6d-6bb9bd380a11	f1eebc99-9c0b-4ef8-bb6d-6bb9bd380a22	\N
2025-06-19	09:40	a0eebc99-9c0b-4ef8-bb6d-6bb9bd380a11	f1eebc99-9c0b-4ef8-bb6d-6bb9bd380a22	\N
2025-06-19	10:20	a0eebc99-9c0b-4ef8-bb6d-6bb9bd380a11	f1eebc99-9c0b-4ef8-bb6d-6bb9bd380a22	\N
2025-06-19	14:00	a0eebc99-9c0b-4ef8-bb6d-6bb9bd380a11	f1eebc99-9c0b-4ef8-bb6d-6bb9bd380a22	\N
2025-06-19	14:20	a0eebc99-9c0b-4ef8-bb6d-6bb9bd380a11	f1eebc99-9c0b-4ef8-bb6d-6bb9bd380a22	\N
2025-06-19	14:40	a0eebc99-9c0b-4ef8-bb6d-6bb9bd380a11	f1eebc99-9c0b-4ef8-bb6d-6bb9bd380a22	\N
2025-06-19	15:00	a0eebc99-9c0b-4ef8-bb6d-6bb9bd380a11	f1eebc99-9c0b-4ef8-bb6d-6bb9bd380a22	\N
2025-06-19	15:20	a0eebc99-9c0b-4ef8-bb6d-6bb9bd380a11	f1eebc99-9c0b-4ef8-bb6d-6bb9bd380a22	\N
2025-06-20	09:00	a0eebc99-9c0b-4ef8-bb6d-6bb9bd380a11	f1eebc99-9c0b-4ef8-bb6d-6bb9bd380a22	\N
2025-06-20	09:40	a0eebc99-9c0b-4ef8-bb6d-6bb9bd380a11	f1eebc99-9c0b-4ef8-bb6d-6bb9bd380a22	\N
2025-06-20	10:20	a0eebc99-9c0b-4ef8-bb6d-6bb9bd380a11	f1eebc99-9c0b-4ef8-bb6d-6bb9bd380a22	\N
2025-06-20	14:00	a0eebc99-9c0b-4ef8-bb6d-6bb9bd380a11	f1eebc99-9c0b-4ef8-bb6d-6bb9bd380a22	\N
2025-06-20	14:20	a0eebc99-9c0b-4ef8-bb6d-6bb9bd380a11	f1eebc99-9c0b-4ef8-bb6d-6bb9bd380a22	\N
2025-06-20	14:40	a0eebc99-9c0b-4ef8-bb6d-6bb9bd380a11	f1eebc99-9c0b-4ef8-bb6d-6bb9bd380a22	\N
2025-06-20	15:00	a0eebc99-9c0b-4ef8-bb6d-6bb9bd380a11	f1eebc99-9c0b-4ef8-bb6d-6bb9bd380a22	\N
2025-06-20	15:20	a0eebc99-9c0b-4ef8-bb6d-6bb9bd380a11	f1eebc99-9c0b-4ef8-bb6d-6bb9bd380a22	\N
2025-06-23	09:00	a0eebc99-9c0b-4ef8-bb6d-6bb9bd380a11	f1eebc99-9c0b-4ef8-bb6d-6bb9bd380a22	\N
2025-06-23	09:40	a0eebc99-9c0b-4ef8-bb6d-6bb9bd380a11	f1eebc99-9c0b-4ef8-bb6d-6bb9bd380a22	\N
2025-06-23	10:20	a0eebc99-9c0b-4ef8-bb6d-6bb9bd380a11	f1eebc99-9c0b-4ef8-bb6d-6bb9bd380a22	\N
2025-06-23	14:00	a0eebc99-9c0b-4ef8-bb6d-6bb9bd380a11	f1eebc99-9c0b-4ef8-bb6d-6bb9bd380a22	\N
2025-06-23	14:20	a0eebc99-9c0b-4ef8-bb6d-6bb9bd380a11	f1eebc99-9c0b-4ef8-bb6d-6bb9bd380a22	\N
2025-06-23	14:40	a0eebc99-9c0b-4ef8-bb6d-6bb9bd380a11	f1eebc99-9c0b-4ef8-bb6d-6bb9bd380a22	\N
2025-06-23	15:00	a0eebc99-9c0b-4ef8-bb6d-6bb9bd380a11	f1eebc99-9c0b-4ef8-bb6d-6bb9bd380a22	\N
2025-06-23	15:20	a0eebc99-9c0b-4ef8-bb6d-6bb9bd380a11	f1eebc99-9c0b-4ef8-bb6d-6bb9bd380a22	\N
2025-06-24	09:00	a0eebc99-9c0b-4ef8-bb6d-6bb9bd380a11	f1eebc99-9c0b-4ef8-bb6d-6bb9bd380a22	\N
2025-06-24	09:40	a0eebc99-9c0b-4ef8-bb6d-6bb9bd380a11	f1eebc99-9c0b-4ef8-bb6d-6bb9bd380a22	\N
2025-06-24	10:20	a0eebc99-9c0b-4ef8-bb6d-6bb9bd380a11	f1eebc99-9c0b-4ef8-bb6d-6bb9bd380a22	\N
2025-06-24	14:00	a0eebc99-9c0b-4ef8-bb6d-6bb9bd380a11	f1eebc99-9c0b-4ef8-bb6d-6bb9bd380a22	\N
2025-06-24	14:20	a0eebc99-9c0b-4ef8-bb6d-6bb9bd380a11	f1eebc99-9c0b-4ef8-bb6d-6bb9bd380a22	\N
2025-06-24	14:40	a0eebc99-9c0b-4ef8-bb6d-6bb9bd380a11	f1eebc99-9c0b-4ef8-bb6d-6bb9bd380a22	\N
2025-06-24	15:00	a0eebc99-9c0b-4ef8-bb6d-6bb9bd380a11	f1eebc99-9c0b-4ef8-bb6d-6bb9bd380a22	\N
2025-06-24	15:20	a0eebc99-9c0b-4ef8-bb6d-6bb9bd380a11	f1eebc99-9c0b-4ef8-bb6d-6bb9bd380a22	\N
2025-06-04	09:00	c2eebc99-9c0b-4ef8-bb6d-6bb9bd380a13	a2eebc99-9c0b-4ef8-bb6d-6bb9bd380a23	\N
2025-06-04	09:40	c2eebc99-9c0b-4ef8-bb6d-6bb9bd380a13	a2eebc99-9c0b-4ef8-bb6d-6bb9bd380a23	\N
2025-06-04	10:20	c2eebc99-9c0b-4ef8-bb6d-6bb9bd380a13	a2eebc99-9c0b-4ef8-bb6d-6bb9bd380a23	\N
2025-06-04	14:00	c2eebc99-9c0b-4ef8-bb6d-6bb9bd380a13	a2eebc99-9c0b-4ef8-bb6d-6bb9bd380a23	\N
2025-06-04	14:20	c2eebc99-9c0b-4ef8-bb6d-6bb9bd380a13	a2eebc99-9c0b-4ef8-bb6d-6bb9bd380a23	\N
2025-06-04	14:40	c2eebc99-9c0b-4ef8-bb6d-6bb9bd380a13	a2eebc99-9c0b-4ef8-bb6d-6bb9bd380a23	\N
2025-06-04	15:00	c2eebc99-9c0b-4ef8-bb6d-6bb9bd380a13	a2eebc99-9c0b-4ef8-bb6d-6bb9bd380a23	\N
2025-06-04	15:20	c2eebc99-9c0b-4ef8-bb6d-6bb9bd380a13	a2eebc99-9c0b-4ef8-bb6d-6bb9bd380a23	\N
2025-06-05	09:00	c2eebc99-9c0b-4ef8-bb6d-6bb9bd380a13	a2eebc99-9c0b-4ef8-bb6d-6bb9bd380a23	\N
2025-06-05	09:40	c2eebc99-9c0b-4ef8-bb6d-6bb9bd380a13	a2eebc99-9c0b-4ef8-bb6d-6bb9bd380a23	\N
2025-06-05	14:00	c2eebc99-9c0b-4ef8-bb6d-6bb9bd380a13	a2eebc99-9c0b-4ef8-bb6d-6bb9bd380a23	\N
2025-06-05	14:20	c2eebc99-9c0b-4ef8-bb6d-6bb9bd380a13	a2eebc99-9c0b-4ef8-bb6d-6bb9bd380a23	\N
2025-06-05	14:40	c2eebc99-9c0b-4ef8-bb6d-6bb9bd380a13	a2eebc99-9c0b-4ef8-bb6d-6bb9bd380a23	\N
2025-06-05	15:00	c2eebc99-9c0b-4ef8-bb6d-6bb9bd380a13	a2eebc99-9c0b-4ef8-bb6d-6bb9bd380a23	\N
2025-06-05	15:20	c2eebc99-9c0b-4ef8-bb6d-6bb9bd380a13	a2eebc99-9c0b-4ef8-bb6d-6bb9bd380a23	\N
2025-06-06	09:00	c2eebc99-9c0b-4ef8-bb6d-6bb9bd380a13	a2eebc99-9c0b-4ef8-bb6d-6bb9bd380a23	\N
2025-06-06	10:20	c2eebc99-9c0b-4ef8-bb6d-6bb9bd380a13	a2eebc99-9c0b-4ef8-bb6d-6bb9bd380a23	\N
2025-06-06	14:00	c2eebc99-9c0b-4ef8-bb6d-6bb9bd380a13	a2eebc99-9c0b-4ef8-bb6d-6bb9bd380a23	\N
2025-06-06	14:20	c2eebc99-9c0b-4ef8-bb6d-6bb9bd380a13	a2eebc99-9c0b-4ef8-bb6d-6bb9bd380a23	\N
2025-06-06	14:40	c2eebc99-9c0b-4ef8-bb6d-6bb9bd380a13	a2eebc99-9c0b-4ef8-bb6d-6bb9bd380a23	\N
2025-06-06	15:00	c2eebc99-9c0b-4ef8-bb6d-6bb9bd380a13	a2eebc99-9c0b-4ef8-bb6d-6bb9bd380a23	\N
2025-06-06	15:20	c2eebc99-9c0b-4ef8-bb6d-6bb9bd380a13	a2eebc99-9c0b-4ef8-bb6d-6bb9bd380a23	\N
2025-06-09	09:00	c2eebc99-9c0b-4ef8-bb6d-6bb9bd380a13	a2eebc99-9c0b-4ef8-bb6d-6bb9bd380a23	\N
2025-06-09	09:40	c2eebc99-9c0b-4ef8-bb6d-6bb9bd380a13	a2eebc99-9c0b-4ef8-bb6d-6bb9bd380a23	\N
2025-06-09	10:20	c2eebc99-9c0b-4ef8-bb6d-6bb9bd380a13	a2eebc99-9c0b-4ef8-bb6d-6bb9bd380a23	\N
2025-06-09	14:00	c2eebc99-9c0b-4ef8-bb6d-6bb9bd380a13	a2eebc99-9c0b-4ef8-bb6d-6bb9bd380a23	\N
2025-06-09	14:20	c2eebc99-9c0b-4ef8-bb6d-6bb9bd380a13	a2eebc99-9c0b-4ef8-bb6d-6bb9bd380a23	\N
2025-06-09	14:40	c2eebc99-9c0b-4ef8-bb6d-6bb9bd380a13	a2eebc99-9c0b-4ef8-bb6d-6bb9bd380a23	\N
2025-06-09	15:00	c2eebc99-9c0b-4ef8-bb6d-6bb9bd380a13	a2eebc99-9c0b-4ef8-bb6d-6bb9bd380a23	\N
2025-06-09	15:20	c2eebc99-9c0b-4ef8-bb6d-6bb9bd380a13	a2eebc99-9c0b-4ef8-bb6d-6bb9bd380a23	\N
2025-06-10	09:00	c2eebc99-9c0b-4ef8-bb6d-6bb9bd380a13	a2eebc99-9c0b-4ef8-bb6d-6bb9bd380a23	\N
2025-06-10	09:40	c2eebc99-9c0b-4ef8-bb6d-6bb9bd380a13	a2eebc99-9c0b-4ef8-bb6d-6bb9bd380a23	\N
2025-06-10	10:20	c2eebc99-9c0b-4ef8-bb6d-6bb9bd380a13	a2eebc99-9c0b-4ef8-bb6d-6bb9bd380a23	\N
2025-06-10	14:00	c2eebc99-9c0b-4ef8-bb6d-6bb9bd380a13	a2eebc99-9c0b-4ef8-bb6d-6bb9bd380a23	\N
2025-06-10	14:20	c2eebc99-9c0b-4ef8-bb6d-6bb9bd380a13	a2eebc99-9c0b-4ef8-bb6d-6bb9bd380a23	\N
2025-06-10	14:40	c2eebc99-9c0b-4ef8-bb6d-6bb9bd380a13	a2eebc99-9c0b-4ef8-bb6d-6bb9bd380a23	\N
2025-06-10	15:00	c2eebc99-9c0b-4ef8-bb6d-6bb9bd380a13	a2eebc99-9c0b-4ef8-bb6d-6bb9bd380a23	\N
2025-06-10	15:20	c2eebc99-9c0b-4ef8-bb6d-6bb9bd380a13	a2eebc99-9c0b-4ef8-bb6d-6bb9bd380a23	\N
2025-06-11	09:00	c2eebc99-9c0b-4ef8-bb6d-6bb9bd380a13	a2eebc99-9c0b-4ef8-bb6d-6bb9bd380a23	\N
2025-06-11	09:40	c2eebc99-9c0b-4ef8-bb6d-6bb9bd380a13	a2eebc99-9c0b-4ef8-bb6d-6bb9bd380a23	\N
2025-06-11	10:20	c2eebc99-9c0b-4ef8-bb6d-6bb9bd380a13	a2eebc99-9c0b-4ef8-bb6d-6bb9bd380a23	\N
2025-06-11	14:00	c2eebc99-9c0b-4ef8-bb6d-6bb9bd380a13	a2eebc99-9c0b-4ef8-bb6d-6bb9bd380a23	\N
2025-06-11	14:20	c2eebc99-9c0b-4ef8-bb6d-6bb9bd380a13	a2eebc99-9c0b-4ef8-bb6d-6bb9bd380a23	\N
2025-06-11	14:40	c2eebc99-9c0b-4ef8-bb6d-6bb9bd380a13	a2eebc99-9c0b-4ef8-bb6d-6bb9bd380a23	\N
2025-06-11	15:00	c2eebc99-9c0b-4ef8-bb6d-6bb9bd380a13	a2eebc99-9c0b-4ef8-bb6d-6bb9bd380a23	\N
2025-06-11	15:20	c2eebc99-9c0b-4ef8-bb6d-6bb9bd380a13	a2eebc99-9c0b-4ef8-bb6d-6bb9bd380a23	\N
2025-06-12	09:00	c2eebc99-9c0b-4ef8-bb6d-6bb9bd380a13	a2eebc99-9c0b-4ef8-bb6d-6bb9bd380a23	\N
2025-06-12	09:40	c2eebc99-9c0b-4ef8-bb6d-6bb9bd380a13	a2eebc99-9c0b-4ef8-bb6d-6bb9bd380a23	\N
2025-06-12	10:20	c2eebc99-9c0b-4ef8-bb6d-6bb9bd380a13	a2eebc99-9c0b-4ef8-bb6d-6bb9bd380a23	\N
2025-06-12	14:00	c2eebc99-9c0b-4ef8-bb6d-6bb9bd380a13	a2eebc99-9c0b-4ef8-bb6d-6bb9bd380a23	\N
2025-06-12	14:20	c2eebc99-9c0b-4ef8-bb6d-6bb9bd380a13	a2eebc99-9c0b-4ef8-bb6d-6bb9bd380a23	\N
2025-06-12	14:40	c2eebc99-9c0b-4ef8-bb6d-6bb9bd380a13	a2eebc99-9c0b-4ef8-bb6d-6bb9bd380a23	\N
2025-06-12	15:00	c2eebc99-9c0b-4ef8-bb6d-6bb9bd380a13	a2eebc99-9c0b-4ef8-bb6d-6bb9bd380a23	\N
2025-06-12	15:20	c2eebc99-9c0b-4ef8-bb6d-6bb9bd380a13	a2eebc99-9c0b-4ef8-bb6d-6bb9bd380a23	\N
2025-06-13	09:00	c2eebc99-9c0b-4ef8-bb6d-6bb9bd380a13	a2eebc99-9c0b-4ef8-bb6d-6bb9bd380a23	\N
2025-06-13	09:40	c2eebc99-9c0b-4ef8-bb6d-6bb9bd380a13	a2eebc99-9c0b-4ef8-bb6d-6bb9bd380a23	\N
2025-06-13	10:20	c2eebc99-9c0b-4ef8-bb6d-6bb9bd380a13	a2eebc99-9c0b-4ef8-bb6d-6bb9bd380a23	\N
2025-06-13	14:00	c2eebc99-9c0b-4ef8-bb6d-6bb9bd380a13	a2eebc99-9c0b-4ef8-bb6d-6bb9bd380a23	\N
2025-06-13	14:20	c2eebc99-9c0b-4ef8-bb6d-6bb9bd380a13	a2eebc99-9c0b-4ef8-bb6d-6bb9bd380a23	\N
2025-06-13	14:40	c2eebc99-9c0b-4ef8-bb6d-6bb9bd380a13	a2eebc99-9c0b-4ef8-bb6d-6bb9bd380a23	\N
2025-06-13	15:00	c2eebc99-9c0b-4ef8-bb6d-6bb9bd380a13	a2eebc99-9c0b-4ef8-bb6d-6bb9bd380a23	\N
2025-06-13	15:20	c2eebc99-9c0b-4ef8-bb6d-6bb9bd380a13	a2eebc99-9c0b-4ef8-bb6d-6bb9bd380a23	\N
2025-06-16	09:00	c2eebc99-9c0b-4ef8-bb6d-6bb9bd380a13	a2eebc99-9c0b-4ef8-bb6d-6bb9bd380a23	\N
2025-06-16	09:40	c2eebc99-9c0b-4ef8-bb6d-6bb9bd380a13	a2eebc99-9c0b-4ef8-bb6d-6bb9bd380a23	\N
2025-06-16	10:20	c2eebc99-9c0b-4ef8-bb6d-6bb9bd380a13	a2eebc99-9c0b-4ef8-bb6d-6bb9bd380a23	\N
2025-06-16	14:00	c2eebc99-9c0b-4ef8-bb6d-6bb9bd380a13	a2eebc99-9c0b-4ef8-bb6d-6bb9bd380a23	\N
2025-06-16	14:20	c2eebc99-9c0b-4ef8-bb6d-6bb9bd380a13	a2eebc99-9c0b-4ef8-bb6d-6bb9bd380a23	\N
2025-06-16	14:40	c2eebc99-9c0b-4ef8-bb6d-6bb9bd380a13	a2eebc99-9c0b-4ef8-bb6d-6bb9bd380a23	\N
2025-06-16	15:00	c2eebc99-9c0b-4ef8-bb6d-6bb9bd380a13	a2eebc99-9c0b-4ef8-bb6d-6bb9bd380a23	\N
2025-06-16	15:20	c2eebc99-9c0b-4ef8-bb6d-6bb9bd380a13	a2eebc99-9c0b-4ef8-bb6d-6bb9bd380a23	\N
2025-06-17	09:00	c2eebc99-9c0b-4ef8-bb6d-6bb9bd380a13	a2eebc99-9c0b-4ef8-bb6d-6bb9bd380a23	\N
2025-06-17	09:40	c2eebc99-9c0b-4ef8-bb6d-6bb9bd380a13	a2eebc99-9c0b-4ef8-bb6d-6bb9bd380a23	\N
2025-06-17	10:20	c2eebc99-9c0b-4ef8-bb6d-6bb9bd380a13	a2eebc99-9c0b-4ef8-bb6d-6bb9bd380a23	\N
2025-06-17	14:00	c2eebc99-9c0b-4ef8-bb6d-6bb9bd380a13	a2eebc99-9c0b-4ef8-bb6d-6bb9bd380a23	\N
2025-06-17	14:20	c2eebc99-9c0b-4ef8-bb6d-6bb9bd380a13	a2eebc99-9c0b-4ef8-bb6d-6bb9bd380a23	\N
2025-06-17	14:40	c2eebc99-9c0b-4ef8-bb6d-6bb9bd380a13	a2eebc99-9c0b-4ef8-bb6d-6bb9bd380a23	\N
2025-06-17	15:00	c2eebc99-9c0b-4ef8-bb6d-6bb9bd380a13	a2eebc99-9c0b-4ef8-bb6d-6bb9bd380a23	\N
2025-06-17	15:20	c2eebc99-9c0b-4ef8-bb6d-6bb9bd380a13	a2eebc99-9c0b-4ef8-bb6d-6bb9bd380a23	\N
2025-06-18	09:00	c2eebc99-9c0b-4ef8-bb6d-6bb9bd380a13	a2eebc99-9c0b-4ef8-bb6d-6bb9bd380a23	\N
2025-06-05	10:20	c2eebc99-9c0b-4ef8-bb6d-6bb9bd380a13	a2eebc99-9c0b-4ef8-bb6d-6bb9bd380a23	8a849bbe-1eff-429b-8beb-3a3b251f27e0
2025-06-18	09:40	c2eebc99-9c0b-4ef8-bb6d-6bb9bd380a13	a2eebc99-9c0b-4ef8-bb6d-6bb9bd380a23	\N
2025-06-18	10:20	c2eebc99-9c0b-4ef8-bb6d-6bb9bd380a13	a2eebc99-9c0b-4ef8-bb6d-6bb9bd380a23	\N
2025-06-18	14:00	c2eebc99-9c0b-4ef8-bb6d-6bb9bd380a13	a2eebc99-9c0b-4ef8-bb6d-6bb9bd380a23	\N
2025-06-18	14:20	c2eebc99-9c0b-4ef8-bb6d-6bb9bd380a13	a2eebc99-9c0b-4ef8-bb6d-6bb9bd380a23	\N
2025-06-18	14:40	c2eebc99-9c0b-4ef8-bb6d-6bb9bd380a13	a2eebc99-9c0b-4ef8-bb6d-6bb9bd380a23	\N
2025-06-18	15:00	c2eebc99-9c0b-4ef8-bb6d-6bb9bd380a13	a2eebc99-9c0b-4ef8-bb6d-6bb9bd380a23	\N
2025-06-18	15:20	c2eebc99-9c0b-4ef8-bb6d-6bb9bd380a13	a2eebc99-9c0b-4ef8-bb6d-6bb9bd380a23	\N
2025-06-19	09:00	c2eebc99-9c0b-4ef8-bb6d-6bb9bd380a13	a2eebc99-9c0b-4ef8-bb6d-6bb9bd380a23	\N
2025-06-19	09:40	c2eebc99-9c0b-4ef8-bb6d-6bb9bd380a13	a2eebc99-9c0b-4ef8-bb6d-6bb9bd380a23	\N
2025-06-19	10:20	c2eebc99-9c0b-4ef8-bb6d-6bb9bd380a13	a2eebc99-9c0b-4ef8-bb6d-6bb9bd380a23	\N
2025-06-19	14:00	c2eebc99-9c0b-4ef8-bb6d-6bb9bd380a13	a2eebc99-9c0b-4ef8-bb6d-6bb9bd380a23	\N
2025-06-19	14:20	c2eebc99-9c0b-4ef8-bb6d-6bb9bd380a13	a2eebc99-9c0b-4ef8-bb6d-6bb9bd380a23	\N
2025-06-19	14:40	c2eebc99-9c0b-4ef8-bb6d-6bb9bd380a13	a2eebc99-9c0b-4ef8-bb6d-6bb9bd380a23	\N
2025-06-19	15:00	c2eebc99-9c0b-4ef8-bb6d-6bb9bd380a13	a2eebc99-9c0b-4ef8-bb6d-6bb9bd380a23	\N
2025-06-19	15:20	c2eebc99-9c0b-4ef8-bb6d-6bb9bd380a13	a2eebc99-9c0b-4ef8-bb6d-6bb9bd380a23	\N
2025-06-20	09:00	c2eebc99-9c0b-4ef8-bb6d-6bb9bd380a13	a2eebc99-9c0b-4ef8-bb6d-6bb9bd380a23	\N
2025-06-20	09:40	c2eebc99-9c0b-4ef8-bb6d-6bb9bd380a13	a2eebc99-9c0b-4ef8-bb6d-6bb9bd380a23	\N
2025-06-20	10:20	c2eebc99-9c0b-4ef8-bb6d-6bb9bd380a13	a2eebc99-9c0b-4ef8-bb6d-6bb9bd380a23	\N
2025-06-20	14:00	c2eebc99-9c0b-4ef8-bb6d-6bb9bd380a13	a2eebc99-9c0b-4ef8-bb6d-6bb9bd380a23	\N
2025-06-20	14:20	c2eebc99-9c0b-4ef8-bb6d-6bb9bd380a13	a2eebc99-9c0b-4ef8-bb6d-6bb9bd380a23	\N
2025-06-20	14:40	c2eebc99-9c0b-4ef8-bb6d-6bb9bd380a13	a2eebc99-9c0b-4ef8-bb6d-6bb9bd380a23	\N
2025-06-20	15:00	c2eebc99-9c0b-4ef8-bb6d-6bb9bd380a13	a2eebc99-9c0b-4ef8-bb6d-6bb9bd380a23	\N
2025-06-20	15:20	c2eebc99-9c0b-4ef8-bb6d-6bb9bd380a13	a2eebc99-9c0b-4ef8-bb6d-6bb9bd380a23	\N
2025-06-23	09:00	c2eebc99-9c0b-4ef8-bb6d-6bb9bd380a13	a2eebc99-9c0b-4ef8-bb6d-6bb9bd380a23	\N
2025-06-23	09:40	c2eebc99-9c0b-4ef8-bb6d-6bb9bd380a13	a2eebc99-9c0b-4ef8-bb6d-6bb9bd380a23	\N
2025-06-23	10:20	c2eebc99-9c0b-4ef8-bb6d-6bb9bd380a13	a2eebc99-9c0b-4ef8-bb6d-6bb9bd380a23	\N
2025-06-23	14:00	c2eebc99-9c0b-4ef8-bb6d-6bb9bd380a13	a2eebc99-9c0b-4ef8-bb6d-6bb9bd380a23	\N
2025-06-23	14:20	c2eebc99-9c0b-4ef8-bb6d-6bb9bd380a13	a2eebc99-9c0b-4ef8-bb6d-6bb9bd380a23	\N
2025-06-23	14:40	c2eebc99-9c0b-4ef8-bb6d-6bb9bd380a13	a2eebc99-9c0b-4ef8-bb6d-6bb9bd380a23	\N
2025-06-23	15:00	c2eebc99-9c0b-4ef8-bb6d-6bb9bd380a13	a2eebc99-9c0b-4ef8-bb6d-6bb9bd380a23	\N
2025-06-23	15:20	c2eebc99-9c0b-4ef8-bb6d-6bb9bd380a13	a2eebc99-9c0b-4ef8-bb6d-6bb9bd380a23	\N
2025-06-24	09:00	c2eebc99-9c0b-4ef8-bb6d-6bb9bd380a13	a2eebc99-9c0b-4ef8-bb6d-6bb9bd380a23	\N
2025-06-24	09:40	c2eebc99-9c0b-4ef8-bb6d-6bb9bd380a13	a2eebc99-9c0b-4ef8-bb6d-6bb9bd380a23	\N
2025-06-24	10:20	c2eebc99-9c0b-4ef8-bb6d-6bb9bd380a13	a2eebc99-9c0b-4ef8-bb6d-6bb9bd380a23	\N
2025-06-24	14:00	c2eebc99-9c0b-4ef8-bb6d-6bb9bd380a13	a2eebc99-9c0b-4ef8-bb6d-6bb9bd380a23	\N
2025-06-24	14:20	c2eebc99-9c0b-4ef8-bb6d-6bb9bd380a13	a2eebc99-9c0b-4ef8-bb6d-6bb9bd380a23	\N
2025-06-24	14:40	c2eebc99-9c0b-4ef8-bb6d-6bb9bd380a13	a2eebc99-9c0b-4ef8-bb6d-6bb9bd380a23	\N
2025-06-24	15:00	c2eebc99-9c0b-4ef8-bb6d-6bb9bd380a13	a2eebc99-9c0b-4ef8-bb6d-6bb9bd380a23	\N
2025-06-24	15:20	c2eebc99-9c0b-4ef8-bb6d-6bb9bd380a13	a2eebc99-9c0b-4ef8-bb6d-6bb9bd380a23	\N
2025-06-04	09:00	d3eebc99-9c0b-4ef8-bb6d-6bb9bd380a14	b3eebc99-9c0b-4ef8-bb6d-6bb9bd380a24	\N
2025-06-04	09:40	d3eebc99-9c0b-4ef8-bb6d-6bb9bd380a14	b3eebc99-9c0b-4ef8-bb6d-6bb9bd380a24	\N
2025-06-04	10:20	d3eebc99-9c0b-4ef8-bb6d-6bb9bd380a14	b3eebc99-9c0b-4ef8-bb6d-6bb9bd380a24	\N
2025-06-04	14:00	d3eebc99-9c0b-4ef8-bb6d-6bb9bd380a14	b3eebc99-9c0b-4ef8-bb6d-6bb9bd380a24	\N
2025-06-04	14:20	d3eebc99-9c0b-4ef8-bb6d-6bb9bd380a14	b3eebc99-9c0b-4ef8-bb6d-6bb9bd380a24	\N
2025-06-04	14:40	d3eebc99-9c0b-4ef8-bb6d-6bb9bd380a14	b3eebc99-9c0b-4ef8-bb6d-6bb9bd380a24	\N
2025-06-04	15:00	d3eebc99-9c0b-4ef8-bb6d-6bb9bd380a14	b3eebc99-9c0b-4ef8-bb6d-6bb9bd380a24	\N
2025-06-04	15:20	d3eebc99-9c0b-4ef8-bb6d-6bb9bd380a14	b3eebc99-9c0b-4ef8-bb6d-6bb9bd380a24	\N
2025-06-05	09:00	d3eebc99-9c0b-4ef8-bb6d-6bb9bd380a14	b3eebc99-9c0b-4ef8-bb6d-6bb9bd380a24	\N
2025-06-05	09:40	d3eebc99-9c0b-4ef8-bb6d-6bb9bd380a14	b3eebc99-9c0b-4ef8-bb6d-6bb9bd380a24	\N
2025-06-05	10:20	d3eebc99-9c0b-4ef8-bb6d-6bb9bd380a14	b3eebc99-9c0b-4ef8-bb6d-6bb9bd380a24	\N
2025-06-05	14:00	d3eebc99-9c0b-4ef8-bb6d-6bb9bd380a14	b3eebc99-9c0b-4ef8-bb6d-6bb9bd380a24	\N
2025-06-05	14:20	d3eebc99-9c0b-4ef8-bb6d-6bb9bd380a14	b3eebc99-9c0b-4ef8-bb6d-6bb9bd380a24	\N
2025-06-05	14:40	d3eebc99-9c0b-4ef8-bb6d-6bb9bd380a14	b3eebc99-9c0b-4ef8-bb6d-6bb9bd380a24	\N
2025-06-05	15:00	d3eebc99-9c0b-4ef8-bb6d-6bb9bd380a14	b3eebc99-9c0b-4ef8-bb6d-6bb9bd380a24	\N
2025-06-05	15:20	d3eebc99-9c0b-4ef8-bb6d-6bb9bd380a14	b3eebc99-9c0b-4ef8-bb6d-6bb9bd380a24	\N
2025-06-06	09:00	d3eebc99-9c0b-4ef8-bb6d-6bb9bd380a14	b3eebc99-9c0b-4ef8-bb6d-6bb9bd380a24	\N
2025-06-06	09:40	d3eebc99-9c0b-4ef8-bb6d-6bb9bd380a14	b3eebc99-9c0b-4ef8-bb6d-6bb9bd380a24	\N
2025-06-06	10:20	d3eebc99-9c0b-4ef8-bb6d-6bb9bd380a14	b3eebc99-9c0b-4ef8-bb6d-6bb9bd380a24	\N
2025-06-06	14:00	d3eebc99-9c0b-4ef8-bb6d-6bb9bd380a14	b3eebc99-9c0b-4ef8-bb6d-6bb9bd380a24	\N
2025-06-06	14:20	d3eebc99-9c0b-4ef8-bb6d-6bb9bd380a14	b3eebc99-9c0b-4ef8-bb6d-6bb9bd380a24	\N
2025-06-06	14:40	d3eebc99-9c0b-4ef8-bb6d-6bb9bd380a14	b3eebc99-9c0b-4ef8-bb6d-6bb9bd380a24	\N
2025-06-06	15:00	d3eebc99-9c0b-4ef8-bb6d-6bb9bd380a14	b3eebc99-9c0b-4ef8-bb6d-6bb9bd380a24	\N
2025-06-06	15:20	d3eebc99-9c0b-4ef8-bb6d-6bb9bd380a14	b3eebc99-9c0b-4ef8-bb6d-6bb9bd380a24	\N
2025-06-09	09:00	d3eebc99-9c0b-4ef8-bb6d-6bb9bd380a14	b3eebc99-9c0b-4ef8-bb6d-6bb9bd380a24	\N
2025-06-09	09:40	d3eebc99-9c0b-4ef8-bb6d-6bb9bd380a14	b3eebc99-9c0b-4ef8-bb6d-6bb9bd380a24	\N
2025-06-09	10:20	d3eebc99-9c0b-4ef8-bb6d-6bb9bd380a14	b3eebc99-9c0b-4ef8-bb6d-6bb9bd380a24	\N
2025-06-09	14:00	d3eebc99-9c0b-4ef8-bb6d-6bb9bd380a14	b3eebc99-9c0b-4ef8-bb6d-6bb9bd380a24	\N
2025-06-09	14:20	d3eebc99-9c0b-4ef8-bb6d-6bb9bd380a14	b3eebc99-9c0b-4ef8-bb6d-6bb9bd380a24	\N
2025-06-09	14:40	d3eebc99-9c0b-4ef8-bb6d-6bb9bd380a14	b3eebc99-9c0b-4ef8-bb6d-6bb9bd380a24	\N
2025-06-09	15:00	d3eebc99-9c0b-4ef8-bb6d-6bb9bd380a14	b3eebc99-9c0b-4ef8-bb6d-6bb9bd380a24	\N
2025-06-09	15:20	d3eebc99-9c0b-4ef8-bb6d-6bb9bd380a14	b3eebc99-9c0b-4ef8-bb6d-6bb9bd380a24	\N
2025-06-10	09:00	d3eebc99-9c0b-4ef8-bb6d-6bb9bd380a14	b3eebc99-9c0b-4ef8-bb6d-6bb9bd380a24	\N
2025-06-10	09:40	d3eebc99-9c0b-4ef8-bb6d-6bb9bd380a14	b3eebc99-9c0b-4ef8-bb6d-6bb9bd380a24	\N
2025-06-10	10:20	d3eebc99-9c0b-4ef8-bb6d-6bb9bd380a14	b3eebc99-9c0b-4ef8-bb6d-6bb9bd380a24	\N
2025-06-10	14:00	d3eebc99-9c0b-4ef8-bb6d-6bb9bd380a14	b3eebc99-9c0b-4ef8-bb6d-6bb9bd380a24	\N
2025-06-10	14:20	d3eebc99-9c0b-4ef8-bb6d-6bb9bd380a14	b3eebc99-9c0b-4ef8-bb6d-6bb9bd380a24	\N
2025-06-10	14:40	d3eebc99-9c0b-4ef8-bb6d-6bb9bd380a14	b3eebc99-9c0b-4ef8-bb6d-6bb9bd380a24	\N
2025-06-10	15:00	d3eebc99-9c0b-4ef8-bb6d-6bb9bd380a14	b3eebc99-9c0b-4ef8-bb6d-6bb9bd380a24	\N
2025-06-10	15:20	d3eebc99-9c0b-4ef8-bb6d-6bb9bd380a14	b3eebc99-9c0b-4ef8-bb6d-6bb9bd380a24	\N
2025-06-11	09:00	d3eebc99-9c0b-4ef8-bb6d-6bb9bd380a14	b3eebc99-9c0b-4ef8-bb6d-6bb9bd380a24	\N
2025-06-11	09:40	d3eebc99-9c0b-4ef8-bb6d-6bb9bd380a14	b3eebc99-9c0b-4ef8-bb6d-6bb9bd380a24	\N
2025-06-11	10:20	d3eebc99-9c0b-4ef8-bb6d-6bb9bd380a14	b3eebc99-9c0b-4ef8-bb6d-6bb9bd380a24	\N
2025-06-11	14:00	d3eebc99-9c0b-4ef8-bb6d-6bb9bd380a14	b3eebc99-9c0b-4ef8-bb6d-6bb9bd380a24	\N
2025-06-11	14:20	d3eebc99-9c0b-4ef8-bb6d-6bb9bd380a14	b3eebc99-9c0b-4ef8-bb6d-6bb9bd380a24	\N
2025-06-11	14:40	d3eebc99-9c0b-4ef8-bb6d-6bb9bd380a14	b3eebc99-9c0b-4ef8-bb6d-6bb9bd380a24	\N
2025-06-11	15:00	d3eebc99-9c0b-4ef8-bb6d-6bb9bd380a14	b3eebc99-9c0b-4ef8-bb6d-6bb9bd380a24	\N
2025-06-11	15:20	d3eebc99-9c0b-4ef8-bb6d-6bb9bd380a14	b3eebc99-9c0b-4ef8-bb6d-6bb9bd380a24	\N
2025-06-12	09:00	d3eebc99-9c0b-4ef8-bb6d-6bb9bd380a14	b3eebc99-9c0b-4ef8-bb6d-6bb9bd380a24	\N
2025-06-12	09:40	d3eebc99-9c0b-4ef8-bb6d-6bb9bd380a14	b3eebc99-9c0b-4ef8-bb6d-6bb9bd380a24	\N
2025-06-12	10:20	d3eebc99-9c0b-4ef8-bb6d-6bb9bd380a14	b3eebc99-9c0b-4ef8-bb6d-6bb9bd380a24	\N
2025-06-12	14:00	d3eebc99-9c0b-4ef8-bb6d-6bb9bd380a14	b3eebc99-9c0b-4ef8-bb6d-6bb9bd380a24	\N
2025-06-12	14:20	d3eebc99-9c0b-4ef8-bb6d-6bb9bd380a14	b3eebc99-9c0b-4ef8-bb6d-6bb9bd380a24	\N
2025-06-12	14:40	d3eebc99-9c0b-4ef8-bb6d-6bb9bd380a14	b3eebc99-9c0b-4ef8-bb6d-6bb9bd380a24	\N
2025-06-12	15:00	d3eebc99-9c0b-4ef8-bb6d-6bb9bd380a14	b3eebc99-9c0b-4ef8-bb6d-6bb9bd380a24	\N
2025-06-12	15:20	d3eebc99-9c0b-4ef8-bb6d-6bb9bd380a14	b3eebc99-9c0b-4ef8-bb6d-6bb9bd380a24	\N
2025-06-13	09:00	d3eebc99-9c0b-4ef8-bb6d-6bb9bd380a14	b3eebc99-9c0b-4ef8-bb6d-6bb9bd380a24	\N
2025-06-13	09:40	d3eebc99-9c0b-4ef8-bb6d-6bb9bd380a14	b3eebc99-9c0b-4ef8-bb6d-6bb9bd380a24	\N
2025-06-13	10:20	d3eebc99-9c0b-4ef8-bb6d-6bb9bd380a14	b3eebc99-9c0b-4ef8-bb6d-6bb9bd380a24	\N
2025-06-13	14:00	d3eebc99-9c0b-4ef8-bb6d-6bb9bd380a14	b3eebc99-9c0b-4ef8-bb6d-6bb9bd380a24	\N
2025-06-13	14:20	d3eebc99-9c0b-4ef8-bb6d-6bb9bd380a14	b3eebc99-9c0b-4ef8-bb6d-6bb9bd380a24	\N
2025-06-13	14:40	d3eebc99-9c0b-4ef8-bb6d-6bb9bd380a14	b3eebc99-9c0b-4ef8-bb6d-6bb9bd380a24	\N
2025-06-16	09:00	d3eebc99-9c0b-4ef8-bb6d-6bb9bd380a14	b3eebc99-9c0b-4ef8-bb6d-6bb9bd380a24	\N
2025-06-16	09:40	d3eebc99-9c0b-4ef8-bb6d-6bb9bd380a14	b3eebc99-9c0b-4ef8-bb6d-6bb9bd380a24	\N
2025-06-16	10:20	d3eebc99-9c0b-4ef8-bb6d-6bb9bd380a14	b3eebc99-9c0b-4ef8-bb6d-6bb9bd380a24	\N
2025-06-16	14:00	d3eebc99-9c0b-4ef8-bb6d-6bb9bd380a14	b3eebc99-9c0b-4ef8-bb6d-6bb9bd380a24	\N
2025-06-13	15:20	d3eebc99-9c0b-4ef8-bb6d-6bb9bd380a14	b3eebc99-9c0b-4ef8-bb6d-6bb9bd380a24	\N
2025-06-16	14:20	d3eebc99-9c0b-4ef8-bb6d-6bb9bd380a14	b3eebc99-9c0b-4ef8-bb6d-6bb9bd380a24	\N
2025-06-16	14:40	d3eebc99-9c0b-4ef8-bb6d-6bb9bd380a14	b3eebc99-9c0b-4ef8-bb6d-6bb9bd380a24	\N
2025-06-16	15:00	d3eebc99-9c0b-4ef8-bb6d-6bb9bd380a14	b3eebc99-9c0b-4ef8-bb6d-6bb9bd380a24	\N
2025-06-16	15:20	d3eebc99-9c0b-4ef8-bb6d-6bb9bd380a14	b3eebc99-9c0b-4ef8-bb6d-6bb9bd380a24	\N
2025-06-17	09:00	d3eebc99-9c0b-4ef8-bb6d-6bb9bd380a14	b3eebc99-9c0b-4ef8-bb6d-6bb9bd380a24	\N
2025-06-17	09:40	d3eebc99-9c0b-4ef8-bb6d-6bb9bd380a14	b3eebc99-9c0b-4ef8-bb6d-6bb9bd380a24	\N
2025-06-17	10:20	d3eebc99-9c0b-4ef8-bb6d-6bb9bd380a14	b3eebc99-9c0b-4ef8-bb6d-6bb9bd380a24	\N
2025-06-17	14:00	d3eebc99-9c0b-4ef8-bb6d-6bb9bd380a14	b3eebc99-9c0b-4ef8-bb6d-6bb9bd380a24	\N
2025-06-17	14:20	d3eebc99-9c0b-4ef8-bb6d-6bb9bd380a14	b3eebc99-9c0b-4ef8-bb6d-6bb9bd380a24	\N
2025-06-17	14:40	d3eebc99-9c0b-4ef8-bb6d-6bb9bd380a14	b3eebc99-9c0b-4ef8-bb6d-6bb9bd380a24	\N
2025-06-17	15:00	d3eebc99-9c0b-4ef8-bb6d-6bb9bd380a14	b3eebc99-9c0b-4ef8-bb6d-6bb9bd380a24	\N
2025-06-17	15:20	d3eebc99-9c0b-4ef8-bb6d-6bb9bd380a14	b3eebc99-9c0b-4ef8-bb6d-6bb9bd380a24	\N
2025-06-18	09:00	d3eebc99-9c0b-4ef8-bb6d-6bb9bd380a14	b3eebc99-9c0b-4ef8-bb6d-6bb9bd380a24	\N
2025-06-18	09:40	d3eebc99-9c0b-4ef8-bb6d-6bb9bd380a14	b3eebc99-9c0b-4ef8-bb6d-6bb9bd380a24	\N
2025-06-18	10:20	d3eebc99-9c0b-4ef8-bb6d-6bb9bd380a14	b3eebc99-9c0b-4ef8-bb6d-6bb9bd380a24	\N
2025-06-18	14:00	d3eebc99-9c0b-4ef8-bb6d-6bb9bd380a14	b3eebc99-9c0b-4ef8-bb6d-6bb9bd380a24	\N
2025-06-18	14:20	d3eebc99-9c0b-4ef8-bb6d-6bb9bd380a14	b3eebc99-9c0b-4ef8-bb6d-6bb9bd380a24	\N
2025-06-18	14:40	d3eebc99-9c0b-4ef8-bb6d-6bb9bd380a14	b3eebc99-9c0b-4ef8-bb6d-6bb9bd380a24	\N
2025-06-18	15:00	d3eebc99-9c0b-4ef8-bb6d-6bb9bd380a14	b3eebc99-9c0b-4ef8-bb6d-6bb9bd380a24	\N
2025-06-18	15:20	d3eebc99-9c0b-4ef8-bb6d-6bb9bd380a14	b3eebc99-9c0b-4ef8-bb6d-6bb9bd380a24	\N
2025-06-19	09:00	d3eebc99-9c0b-4ef8-bb6d-6bb9bd380a14	b3eebc99-9c0b-4ef8-bb6d-6bb9bd380a24	\N
2025-06-19	09:40	d3eebc99-9c0b-4ef8-bb6d-6bb9bd380a14	b3eebc99-9c0b-4ef8-bb6d-6bb9bd380a24	\N
2025-06-19	10:20	d3eebc99-9c0b-4ef8-bb6d-6bb9bd380a14	b3eebc99-9c0b-4ef8-bb6d-6bb9bd380a24	\N
2025-06-19	14:00	d3eebc99-9c0b-4ef8-bb6d-6bb9bd380a14	b3eebc99-9c0b-4ef8-bb6d-6bb9bd380a24	\N
2025-06-19	14:20	d3eebc99-9c0b-4ef8-bb6d-6bb9bd380a14	b3eebc99-9c0b-4ef8-bb6d-6bb9bd380a24	\N
2025-06-19	14:40	d3eebc99-9c0b-4ef8-bb6d-6bb9bd380a14	b3eebc99-9c0b-4ef8-bb6d-6bb9bd380a24	\N
2025-06-19	15:00	d3eebc99-9c0b-4ef8-bb6d-6bb9bd380a14	b3eebc99-9c0b-4ef8-bb6d-6bb9bd380a24	\N
2025-06-19	15:20	d3eebc99-9c0b-4ef8-bb6d-6bb9bd380a14	b3eebc99-9c0b-4ef8-bb6d-6bb9bd380a24	\N
2025-06-20	09:00	d3eebc99-9c0b-4ef8-bb6d-6bb9bd380a14	b3eebc99-9c0b-4ef8-bb6d-6bb9bd380a24	\N
2025-06-20	09:40	d3eebc99-9c0b-4ef8-bb6d-6bb9bd380a14	b3eebc99-9c0b-4ef8-bb6d-6bb9bd380a24	\N
2025-06-20	10:20	d3eebc99-9c0b-4ef8-bb6d-6bb9bd380a14	b3eebc99-9c0b-4ef8-bb6d-6bb9bd380a24	\N
2025-06-20	14:00	d3eebc99-9c0b-4ef8-bb6d-6bb9bd380a14	b3eebc99-9c0b-4ef8-bb6d-6bb9bd380a24	\N
2025-06-20	14:20	d3eebc99-9c0b-4ef8-bb6d-6bb9bd380a14	b3eebc99-9c0b-4ef8-bb6d-6bb9bd380a24	\N
2025-06-20	14:40	d3eebc99-9c0b-4ef8-bb6d-6bb9bd380a14	b3eebc99-9c0b-4ef8-bb6d-6bb9bd380a24	\N
2025-06-20	15:00	d3eebc99-9c0b-4ef8-bb6d-6bb9bd380a14	b3eebc99-9c0b-4ef8-bb6d-6bb9bd380a24	\N
2025-06-20	15:20	d3eebc99-9c0b-4ef8-bb6d-6bb9bd380a14	b3eebc99-9c0b-4ef8-bb6d-6bb9bd380a24	\N
2025-06-23	09:00	d3eebc99-9c0b-4ef8-bb6d-6bb9bd380a14	b3eebc99-9c0b-4ef8-bb6d-6bb9bd380a24	\N
2025-06-23	09:40	d3eebc99-9c0b-4ef8-bb6d-6bb9bd380a14	b3eebc99-9c0b-4ef8-bb6d-6bb9bd380a24	\N
2025-06-23	10:20	d3eebc99-9c0b-4ef8-bb6d-6bb9bd380a14	b3eebc99-9c0b-4ef8-bb6d-6bb9bd380a24	\N
2025-06-23	14:00	d3eebc99-9c0b-4ef8-bb6d-6bb9bd380a14	b3eebc99-9c0b-4ef8-bb6d-6bb9bd380a24	\N
2025-06-23	14:20	d3eebc99-9c0b-4ef8-bb6d-6bb9bd380a14	b3eebc99-9c0b-4ef8-bb6d-6bb9bd380a24	\N
2025-06-23	14:40	d3eebc99-9c0b-4ef8-bb6d-6bb9bd380a14	b3eebc99-9c0b-4ef8-bb6d-6bb9bd380a24	\N
2025-06-23	15:00	d3eebc99-9c0b-4ef8-bb6d-6bb9bd380a14	b3eebc99-9c0b-4ef8-bb6d-6bb9bd380a24	\N
2025-06-23	15:20	d3eebc99-9c0b-4ef8-bb6d-6bb9bd380a14	b3eebc99-9c0b-4ef8-bb6d-6bb9bd380a24	\N
2025-06-24	09:00	d3eebc99-9c0b-4ef8-bb6d-6bb9bd380a14	b3eebc99-9c0b-4ef8-bb6d-6bb9bd380a24	\N
2025-06-24	09:40	d3eebc99-9c0b-4ef8-bb6d-6bb9bd380a14	b3eebc99-9c0b-4ef8-bb6d-6bb9bd380a24	\N
2025-06-24	10:20	d3eebc99-9c0b-4ef8-bb6d-6bb9bd380a14	b3eebc99-9c0b-4ef8-bb6d-6bb9bd380a24	\N
2025-06-24	14:00	d3eebc99-9c0b-4ef8-bb6d-6bb9bd380a14	b3eebc99-9c0b-4ef8-bb6d-6bb9bd380a24	\N
2025-06-24	14:20	d3eebc99-9c0b-4ef8-bb6d-6bb9bd380a14	b3eebc99-9c0b-4ef8-bb6d-6bb9bd380a24	\N
2025-06-24	14:40	d3eebc99-9c0b-4ef8-bb6d-6bb9bd380a14	b3eebc99-9c0b-4ef8-bb6d-6bb9bd380a24	\N
2025-06-24	15:00	d3eebc99-9c0b-4ef8-bb6d-6bb9bd380a14	b3eebc99-9c0b-4ef8-bb6d-6bb9bd380a24	\N
2025-06-24	15:20	d3eebc99-9c0b-4ef8-bb6d-6bb9bd380a14	b3eebc99-9c0b-4ef8-bb6d-6bb9bd380a24	\N
2025-06-04	09:00	e4eebc99-9c0b-4ef8-bb6d-6bb9bd380a15	c4eebc99-9c0b-4ef8-bb6d-6bb9bd380a25	\N
2025-06-04	09:40	e4eebc99-9c0b-4ef8-bb6d-6bb9bd380a15	c4eebc99-9c0b-4ef8-bb6d-6bb9bd380a25	\N
2025-06-04	10:20	e4eebc99-9c0b-4ef8-bb6d-6bb9bd380a15	c4eebc99-9c0b-4ef8-bb6d-6bb9bd380a25	\N
2025-06-04	14:00	e4eebc99-9c0b-4ef8-bb6d-6bb9bd380a15	c4eebc99-9c0b-4ef8-bb6d-6bb9bd380a25	\N
2025-06-04	14:20	e4eebc99-9c0b-4ef8-bb6d-6bb9bd380a15	c4eebc99-9c0b-4ef8-bb6d-6bb9bd380a25	\N
2025-06-04	14:40	e4eebc99-9c0b-4ef8-bb6d-6bb9bd380a15	c4eebc99-9c0b-4ef8-bb6d-6bb9bd380a25	\N
2025-06-04	15:00	e4eebc99-9c0b-4ef8-bb6d-6bb9bd380a15	c4eebc99-9c0b-4ef8-bb6d-6bb9bd380a25	\N
2025-06-04	15:20	e4eebc99-9c0b-4ef8-bb6d-6bb9bd380a15	c4eebc99-9c0b-4ef8-bb6d-6bb9bd380a25	\N
2025-06-05	09:00	e4eebc99-9c0b-4ef8-bb6d-6bb9bd380a15	c4eebc99-9c0b-4ef8-bb6d-6bb9bd380a25	\N
2025-06-05	09:40	e4eebc99-9c0b-4ef8-bb6d-6bb9bd380a15	c4eebc99-9c0b-4ef8-bb6d-6bb9bd380a25	\N
2025-06-05	10:20	e4eebc99-9c0b-4ef8-bb6d-6bb9bd380a15	c4eebc99-9c0b-4ef8-bb6d-6bb9bd380a25	\N
2025-06-05	14:00	e4eebc99-9c0b-4ef8-bb6d-6bb9bd380a15	c4eebc99-9c0b-4ef8-bb6d-6bb9bd380a25	\N
2025-06-05	14:20	e4eebc99-9c0b-4ef8-bb6d-6bb9bd380a15	c4eebc99-9c0b-4ef8-bb6d-6bb9bd380a25	\N
2025-06-05	14:40	e4eebc99-9c0b-4ef8-bb6d-6bb9bd380a15	c4eebc99-9c0b-4ef8-bb6d-6bb9bd380a25	\N
2025-06-05	15:00	e4eebc99-9c0b-4ef8-bb6d-6bb9bd380a15	c4eebc99-9c0b-4ef8-bb6d-6bb9bd380a25	\N
2025-06-06	09:00	e4eebc99-9c0b-4ef8-bb6d-6bb9bd380a15	c4eebc99-9c0b-4ef8-bb6d-6bb9bd380a25	\N
2025-06-06	09:40	e4eebc99-9c0b-4ef8-bb6d-6bb9bd380a15	c4eebc99-9c0b-4ef8-bb6d-6bb9bd380a25	\N
2025-06-06	10:20	e4eebc99-9c0b-4ef8-bb6d-6bb9bd380a15	c4eebc99-9c0b-4ef8-bb6d-6bb9bd380a25	\N
2025-06-06	14:00	e4eebc99-9c0b-4ef8-bb6d-6bb9bd380a15	c4eebc99-9c0b-4ef8-bb6d-6bb9bd380a25	\N
2025-06-06	14:20	e4eebc99-9c0b-4ef8-bb6d-6bb9bd380a15	c4eebc99-9c0b-4ef8-bb6d-6bb9bd380a25	\N
2025-06-06	14:40	e4eebc99-9c0b-4ef8-bb6d-6bb9bd380a15	c4eebc99-9c0b-4ef8-bb6d-6bb9bd380a25	\N
2025-06-06	15:00	e4eebc99-9c0b-4ef8-bb6d-6bb9bd380a15	c4eebc99-9c0b-4ef8-bb6d-6bb9bd380a25	\N
2025-06-06	15:20	e4eebc99-9c0b-4ef8-bb6d-6bb9bd380a15	c4eebc99-9c0b-4ef8-bb6d-6bb9bd380a25	\N
2025-06-09	09:00	e4eebc99-9c0b-4ef8-bb6d-6bb9bd380a15	c4eebc99-9c0b-4ef8-bb6d-6bb9bd380a25	\N
2025-06-09	09:40	e4eebc99-9c0b-4ef8-bb6d-6bb9bd380a15	c4eebc99-9c0b-4ef8-bb6d-6bb9bd380a25	\N
2025-06-09	10:20	e4eebc99-9c0b-4ef8-bb6d-6bb9bd380a15	c4eebc99-9c0b-4ef8-bb6d-6bb9bd380a25	\N
2025-06-09	14:00	e4eebc99-9c0b-4ef8-bb6d-6bb9bd380a15	c4eebc99-9c0b-4ef8-bb6d-6bb9bd380a25	\N
2025-06-09	14:20	e4eebc99-9c0b-4ef8-bb6d-6bb9bd380a15	c4eebc99-9c0b-4ef8-bb6d-6bb9bd380a25	\N
2025-06-09	14:40	e4eebc99-9c0b-4ef8-bb6d-6bb9bd380a15	c4eebc99-9c0b-4ef8-bb6d-6bb9bd380a25	\N
2025-06-09	15:00	e4eebc99-9c0b-4ef8-bb6d-6bb9bd380a15	c4eebc99-9c0b-4ef8-bb6d-6bb9bd380a25	\N
2025-06-09	15:20	e4eebc99-9c0b-4ef8-bb6d-6bb9bd380a15	c4eebc99-9c0b-4ef8-bb6d-6bb9bd380a25	\N
2025-06-10	09:00	e4eebc99-9c0b-4ef8-bb6d-6bb9bd380a15	c4eebc99-9c0b-4ef8-bb6d-6bb9bd380a25	\N
2025-06-10	09:40	e4eebc99-9c0b-4ef8-bb6d-6bb9bd380a15	c4eebc99-9c0b-4ef8-bb6d-6bb9bd380a25	\N
2025-06-10	10:20	e4eebc99-9c0b-4ef8-bb6d-6bb9bd380a15	c4eebc99-9c0b-4ef8-bb6d-6bb9bd380a25	\N
2025-06-10	14:00	e4eebc99-9c0b-4ef8-bb6d-6bb9bd380a15	c4eebc99-9c0b-4ef8-bb6d-6bb9bd380a25	\N
2025-06-10	14:20	e4eebc99-9c0b-4ef8-bb6d-6bb9bd380a15	c4eebc99-9c0b-4ef8-bb6d-6bb9bd380a25	\N
2025-06-10	14:40	e4eebc99-9c0b-4ef8-bb6d-6bb9bd380a15	c4eebc99-9c0b-4ef8-bb6d-6bb9bd380a25	\N
2025-06-10	15:00	e4eebc99-9c0b-4ef8-bb6d-6bb9bd380a15	c4eebc99-9c0b-4ef8-bb6d-6bb9bd380a25	\N
2025-06-10	15:20	e4eebc99-9c0b-4ef8-bb6d-6bb9bd380a15	c4eebc99-9c0b-4ef8-bb6d-6bb9bd380a25	\N
2025-06-11	09:00	e4eebc99-9c0b-4ef8-bb6d-6bb9bd380a15	c4eebc99-9c0b-4ef8-bb6d-6bb9bd380a25	\N
2025-06-11	09:40	e4eebc99-9c0b-4ef8-bb6d-6bb9bd380a15	c4eebc99-9c0b-4ef8-bb6d-6bb9bd380a25	\N
2025-06-11	10:20	e4eebc99-9c0b-4ef8-bb6d-6bb9bd380a15	c4eebc99-9c0b-4ef8-bb6d-6bb9bd380a25	\N
2025-06-11	14:00	e4eebc99-9c0b-4ef8-bb6d-6bb9bd380a15	c4eebc99-9c0b-4ef8-bb6d-6bb9bd380a25	\N
2025-06-11	14:20	e4eebc99-9c0b-4ef8-bb6d-6bb9bd380a15	c4eebc99-9c0b-4ef8-bb6d-6bb9bd380a25	\N
2025-06-11	14:40	e4eebc99-9c0b-4ef8-bb6d-6bb9bd380a15	c4eebc99-9c0b-4ef8-bb6d-6bb9bd380a25	\N
2025-06-11	15:00	e4eebc99-9c0b-4ef8-bb6d-6bb9bd380a15	c4eebc99-9c0b-4ef8-bb6d-6bb9bd380a25	\N
2025-06-11	15:20	e4eebc99-9c0b-4ef8-bb6d-6bb9bd380a15	c4eebc99-9c0b-4ef8-bb6d-6bb9bd380a25	\N
2025-06-12	09:00	e4eebc99-9c0b-4ef8-bb6d-6bb9bd380a15	c4eebc99-9c0b-4ef8-bb6d-6bb9bd380a25	\N
2025-06-12	09:40	e4eebc99-9c0b-4ef8-bb6d-6bb9bd380a15	c4eebc99-9c0b-4ef8-bb6d-6bb9bd380a25	\N
2025-06-12	10:20	e4eebc99-9c0b-4ef8-bb6d-6bb9bd380a15	c4eebc99-9c0b-4ef8-bb6d-6bb9bd380a25	\N
2025-06-12	14:00	e4eebc99-9c0b-4ef8-bb6d-6bb9bd380a15	c4eebc99-9c0b-4ef8-bb6d-6bb9bd380a25	\N
2025-06-12	14:20	e4eebc99-9c0b-4ef8-bb6d-6bb9bd380a15	c4eebc99-9c0b-4ef8-bb6d-6bb9bd380a25	\N
2025-06-12	14:40	e4eebc99-9c0b-4ef8-bb6d-6bb9bd380a15	c4eebc99-9c0b-4ef8-bb6d-6bb9bd380a25	\N
2025-06-12	15:00	e4eebc99-9c0b-4ef8-bb6d-6bb9bd380a15	c4eebc99-9c0b-4ef8-bb6d-6bb9bd380a25	\N
2025-06-12	15:20	e4eebc99-9c0b-4ef8-bb6d-6bb9bd380a15	c4eebc99-9c0b-4ef8-bb6d-6bb9bd380a25	\N
2025-06-13	09:40	e4eebc99-9c0b-4ef8-bb6d-6bb9bd380a15	c4eebc99-9c0b-4ef8-bb6d-6bb9bd380a25	\N
2025-06-13	10:20	e4eebc99-9c0b-4ef8-bb6d-6bb9bd380a15	c4eebc99-9c0b-4ef8-bb6d-6bb9bd380a25	\N
2025-06-13	14:00	e4eebc99-9c0b-4ef8-bb6d-6bb9bd380a15	c4eebc99-9c0b-4ef8-bb6d-6bb9bd380a25	\N
2025-06-13	14:20	e4eebc99-9c0b-4ef8-bb6d-6bb9bd380a15	c4eebc99-9c0b-4ef8-bb6d-6bb9bd380a25	\N
2025-06-13	14:40	e4eebc99-9c0b-4ef8-bb6d-6bb9bd380a15	c4eebc99-9c0b-4ef8-bb6d-6bb9bd380a25	\N
2025-06-13	15:00	e4eebc99-9c0b-4ef8-bb6d-6bb9bd380a15	c4eebc99-9c0b-4ef8-bb6d-6bb9bd380a25	\N
2025-06-13	15:20	e4eebc99-9c0b-4ef8-bb6d-6bb9bd380a15	c4eebc99-9c0b-4ef8-bb6d-6bb9bd380a25	\N
2025-06-16	09:00	e4eebc99-9c0b-4ef8-bb6d-6bb9bd380a15	c4eebc99-9c0b-4ef8-bb6d-6bb9bd380a25	\N
2025-06-16	09:40	e4eebc99-9c0b-4ef8-bb6d-6bb9bd380a15	c4eebc99-9c0b-4ef8-bb6d-6bb9bd380a25	\N
2025-06-16	10:20	e4eebc99-9c0b-4ef8-bb6d-6bb9bd380a15	c4eebc99-9c0b-4ef8-bb6d-6bb9bd380a25	\N
2025-06-16	14:00	e4eebc99-9c0b-4ef8-bb6d-6bb9bd380a15	c4eebc99-9c0b-4ef8-bb6d-6bb9bd380a25	\N
2025-06-16	14:20	e4eebc99-9c0b-4ef8-bb6d-6bb9bd380a15	c4eebc99-9c0b-4ef8-bb6d-6bb9bd380a25	\N
2025-06-16	14:40	e4eebc99-9c0b-4ef8-bb6d-6bb9bd380a15	c4eebc99-9c0b-4ef8-bb6d-6bb9bd380a25	\N
2025-06-16	15:00	e4eebc99-9c0b-4ef8-bb6d-6bb9bd380a15	c4eebc99-9c0b-4ef8-bb6d-6bb9bd380a25	\N
2025-06-16	15:20	e4eebc99-9c0b-4ef8-bb6d-6bb9bd380a15	c4eebc99-9c0b-4ef8-bb6d-6bb9bd380a25	\N
2025-06-17	09:00	e4eebc99-9c0b-4ef8-bb6d-6bb9bd380a15	c4eebc99-9c0b-4ef8-bb6d-6bb9bd380a25	\N
2025-06-17	09:40	e4eebc99-9c0b-4ef8-bb6d-6bb9bd380a15	c4eebc99-9c0b-4ef8-bb6d-6bb9bd380a25	\N
2025-06-17	10:20	e4eebc99-9c0b-4ef8-bb6d-6bb9bd380a15	c4eebc99-9c0b-4ef8-bb6d-6bb9bd380a25	\N
2025-06-17	14:00	e4eebc99-9c0b-4ef8-bb6d-6bb9bd380a15	c4eebc99-9c0b-4ef8-bb6d-6bb9bd380a25	\N
2025-06-17	14:20	e4eebc99-9c0b-4ef8-bb6d-6bb9bd380a15	c4eebc99-9c0b-4ef8-bb6d-6bb9bd380a25	\N
2025-06-17	14:40	e4eebc99-9c0b-4ef8-bb6d-6bb9bd380a15	c4eebc99-9c0b-4ef8-bb6d-6bb9bd380a25	\N
2025-06-17	15:00	e4eebc99-9c0b-4ef8-bb6d-6bb9bd380a15	c4eebc99-9c0b-4ef8-bb6d-6bb9bd380a25	\N
2025-06-17	15:20	e4eebc99-9c0b-4ef8-bb6d-6bb9bd380a15	c4eebc99-9c0b-4ef8-bb6d-6bb9bd380a25	\N
2025-06-18	09:00	e4eebc99-9c0b-4ef8-bb6d-6bb9bd380a15	c4eebc99-9c0b-4ef8-bb6d-6bb9bd380a25	\N
2025-06-18	09:40	e4eebc99-9c0b-4ef8-bb6d-6bb9bd380a15	c4eebc99-9c0b-4ef8-bb6d-6bb9bd380a25	\N
2025-06-18	10:20	e4eebc99-9c0b-4ef8-bb6d-6bb9bd380a15	c4eebc99-9c0b-4ef8-bb6d-6bb9bd380a25	\N
2025-06-18	14:00	e4eebc99-9c0b-4ef8-bb6d-6bb9bd380a15	c4eebc99-9c0b-4ef8-bb6d-6bb9bd380a25	\N
2025-06-18	14:20	e4eebc99-9c0b-4ef8-bb6d-6bb9bd380a15	c4eebc99-9c0b-4ef8-bb6d-6bb9bd380a25	\N
2025-06-18	14:40	e4eebc99-9c0b-4ef8-bb6d-6bb9bd380a15	c4eebc99-9c0b-4ef8-bb6d-6bb9bd380a25	\N
2025-06-18	15:00	e4eebc99-9c0b-4ef8-bb6d-6bb9bd380a15	c4eebc99-9c0b-4ef8-bb6d-6bb9bd380a25	\N
2025-06-18	15:20	e4eebc99-9c0b-4ef8-bb6d-6bb9bd380a15	c4eebc99-9c0b-4ef8-bb6d-6bb9bd380a25	\N
2025-06-19	09:00	e4eebc99-9c0b-4ef8-bb6d-6bb9bd380a15	c4eebc99-9c0b-4ef8-bb6d-6bb9bd380a25	\N
2025-06-19	09:40	e4eebc99-9c0b-4ef8-bb6d-6bb9bd380a15	c4eebc99-9c0b-4ef8-bb6d-6bb9bd380a25	\N
2025-06-19	10:20	e4eebc99-9c0b-4ef8-bb6d-6bb9bd380a15	c4eebc99-9c0b-4ef8-bb6d-6bb9bd380a25	\N
2025-06-19	14:00	e4eebc99-9c0b-4ef8-bb6d-6bb9bd380a15	c4eebc99-9c0b-4ef8-bb6d-6bb9bd380a25	\N
2025-06-19	14:20	e4eebc99-9c0b-4ef8-bb6d-6bb9bd380a15	c4eebc99-9c0b-4ef8-bb6d-6bb9bd380a25	\N
2025-06-19	14:40	e4eebc99-9c0b-4ef8-bb6d-6bb9bd380a15	c4eebc99-9c0b-4ef8-bb6d-6bb9bd380a25	\N
2025-06-19	15:00	e4eebc99-9c0b-4ef8-bb6d-6bb9bd380a15	c4eebc99-9c0b-4ef8-bb6d-6bb9bd380a25	\N
2025-06-19	15:20	e4eebc99-9c0b-4ef8-bb6d-6bb9bd380a15	c4eebc99-9c0b-4ef8-bb6d-6bb9bd380a25	\N
2025-06-20	09:00	e4eebc99-9c0b-4ef8-bb6d-6bb9bd380a15	c4eebc99-9c0b-4ef8-bb6d-6bb9bd380a25	\N
2025-06-20	10:20	e4eebc99-9c0b-4ef8-bb6d-6bb9bd380a15	c4eebc99-9c0b-4ef8-bb6d-6bb9bd380a25	\N
2025-06-20	14:00	e4eebc99-9c0b-4ef8-bb6d-6bb9bd380a15	c4eebc99-9c0b-4ef8-bb6d-6bb9bd380a25	\N
2025-06-20	14:20	e4eebc99-9c0b-4ef8-bb6d-6bb9bd380a15	c4eebc99-9c0b-4ef8-bb6d-6bb9bd380a25	\N
2025-06-20	14:40	e4eebc99-9c0b-4ef8-bb6d-6bb9bd380a15	c4eebc99-9c0b-4ef8-bb6d-6bb9bd380a25	\N
2025-06-20	15:00	e4eebc99-9c0b-4ef8-bb6d-6bb9bd380a15	c4eebc99-9c0b-4ef8-bb6d-6bb9bd380a25	\N
2025-06-20	15:20	e4eebc99-9c0b-4ef8-bb6d-6bb9bd380a15	c4eebc99-9c0b-4ef8-bb6d-6bb9bd380a25	\N
2025-06-23	09:00	e4eebc99-9c0b-4ef8-bb6d-6bb9bd380a15	c4eebc99-9c0b-4ef8-bb6d-6bb9bd380a25	\N
2025-06-23	09:40	e4eebc99-9c0b-4ef8-bb6d-6bb9bd380a15	c4eebc99-9c0b-4ef8-bb6d-6bb9bd380a25	\N
2025-06-23	10:20	e4eebc99-9c0b-4ef8-bb6d-6bb9bd380a15	c4eebc99-9c0b-4ef8-bb6d-6bb9bd380a25	\N
2025-06-23	14:00	e4eebc99-9c0b-4ef8-bb6d-6bb9bd380a15	c4eebc99-9c0b-4ef8-bb6d-6bb9bd380a25	\N
2025-06-23	14:20	e4eebc99-9c0b-4ef8-bb6d-6bb9bd380a15	c4eebc99-9c0b-4ef8-bb6d-6bb9bd380a25	\N
2025-06-23	14:40	e4eebc99-9c0b-4ef8-bb6d-6bb9bd380a15	c4eebc99-9c0b-4ef8-bb6d-6bb9bd380a25	\N
2025-06-23	15:00	e4eebc99-9c0b-4ef8-bb6d-6bb9bd380a15	c4eebc99-9c0b-4ef8-bb6d-6bb9bd380a25	\N
2025-06-23	15:20	e4eebc99-9c0b-4ef8-bb6d-6bb9bd380a15	c4eebc99-9c0b-4ef8-bb6d-6bb9bd380a25	\N
2025-06-24	09:00	e4eebc99-9c0b-4ef8-bb6d-6bb9bd380a15	c4eebc99-9c0b-4ef8-bb6d-6bb9bd380a25	\N
2025-06-24	09:40	e4eebc99-9c0b-4ef8-bb6d-6bb9bd380a15	c4eebc99-9c0b-4ef8-bb6d-6bb9bd380a25	\N
2025-06-24	10:20	e4eebc99-9c0b-4ef8-bb6d-6bb9bd380a15	c4eebc99-9c0b-4ef8-bb6d-6bb9bd380a25	\N
2025-06-24	14:00	e4eebc99-9c0b-4ef8-bb6d-6bb9bd380a15	c4eebc99-9c0b-4ef8-bb6d-6bb9bd380a25	\N
2025-06-24	14:20	e4eebc99-9c0b-4ef8-bb6d-6bb9bd380a15	c4eebc99-9c0b-4ef8-bb6d-6bb9bd380a25	\N
2025-06-24	14:40	e4eebc99-9c0b-4ef8-bb6d-6bb9bd380a15	c4eebc99-9c0b-4ef8-bb6d-6bb9bd380a25	\N
2025-06-24	15:00	e4eebc99-9c0b-4ef8-bb6d-6bb9bd380a15	c4eebc99-9c0b-4ef8-bb6d-6bb9bd380a25	\N
2025-06-24	15:20	e4eebc99-9c0b-4ef8-bb6d-6bb9bd380a15	c4eebc99-9c0b-4ef8-bb6d-6bb9bd380a25	\N
2025-06-04	09:00	f5eebc99-9c0b-4ef8-bb6d-6bb9bd380a16	d5eebc99-9c0b-4ef8-bb6d-6bb9bd380a26	\N
2025-06-04	09:40	f5eebc99-9c0b-4ef8-bb6d-6bb9bd380a16	d5eebc99-9c0b-4ef8-bb6d-6bb9bd380a26	\N
2025-06-04	10:20	f5eebc99-9c0b-4ef8-bb6d-6bb9bd380a16	d5eebc99-9c0b-4ef8-bb6d-6bb9bd380a26	\N
2025-06-04	14:00	f5eebc99-9c0b-4ef8-bb6d-6bb9bd380a16	d5eebc99-9c0b-4ef8-bb6d-6bb9bd380a26	\N
2025-06-04	14:20	f5eebc99-9c0b-4ef8-bb6d-6bb9bd380a16	d5eebc99-9c0b-4ef8-bb6d-6bb9bd380a26	\N
2025-06-04	14:40	f5eebc99-9c0b-4ef8-bb6d-6bb9bd380a16	d5eebc99-9c0b-4ef8-bb6d-6bb9bd380a26	\N
2025-06-04	15:00	f5eebc99-9c0b-4ef8-bb6d-6bb9bd380a16	d5eebc99-9c0b-4ef8-bb6d-6bb9bd380a26	\N
2025-06-04	15:20	f5eebc99-9c0b-4ef8-bb6d-6bb9bd380a16	d5eebc99-9c0b-4ef8-bb6d-6bb9bd380a26	\N
2025-06-05	09:00	f5eebc99-9c0b-4ef8-bb6d-6bb9bd380a16	d5eebc99-9c0b-4ef8-bb6d-6bb9bd380a26	\N
2025-06-05	09:40	f5eebc99-9c0b-4ef8-bb6d-6bb9bd380a16	d5eebc99-9c0b-4ef8-bb6d-6bb9bd380a26	\N
2025-06-05	10:20	f5eebc99-9c0b-4ef8-bb6d-6bb9bd380a16	d5eebc99-9c0b-4ef8-bb6d-6bb9bd380a26	\N
2025-06-05	14:00	f5eebc99-9c0b-4ef8-bb6d-6bb9bd380a16	d5eebc99-9c0b-4ef8-bb6d-6bb9bd380a26	\N
2025-06-05	14:20	f5eebc99-9c0b-4ef8-bb6d-6bb9bd380a16	d5eebc99-9c0b-4ef8-bb6d-6bb9bd380a26	\N
2025-06-05	14:40	f5eebc99-9c0b-4ef8-bb6d-6bb9bd380a16	d5eebc99-9c0b-4ef8-bb6d-6bb9bd380a26	\N
2025-06-05	15:00	f5eebc99-9c0b-4ef8-bb6d-6bb9bd380a16	d5eebc99-9c0b-4ef8-bb6d-6bb9bd380a26	\N
2025-06-05	15:20	f5eebc99-9c0b-4ef8-bb6d-6bb9bd380a16	d5eebc99-9c0b-4ef8-bb6d-6bb9bd380a26	\N
2025-06-06	09:00	f5eebc99-9c0b-4ef8-bb6d-6bb9bd380a16	d5eebc99-9c0b-4ef8-bb6d-6bb9bd380a26	\N
2025-06-06	09:40	f5eebc99-9c0b-4ef8-bb6d-6bb9bd380a16	d5eebc99-9c0b-4ef8-bb6d-6bb9bd380a26	\N
2025-06-06	10:20	f5eebc99-9c0b-4ef8-bb6d-6bb9bd380a16	d5eebc99-9c0b-4ef8-bb6d-6bb9bd380a26	\N
2025-06-06	14:00	f5eebc99-9c0b-4ef8-bb6d-6bb9bd380a16	d5eebc99-9c0b-4ef8-bb6d-6bb9bd380a26	\N
2025-06-06	14:20	f5eebc99-9c0b-4ef8-bb6d-6bb9bd380a16	d5eebc99-9c0b-4ef8-bb6d-6bb9bd380a26	\N
2025-06-06	14:40	f5eebc99-9c0b-4ef8-bb6d-6bb9bd380a16	d5eebc99-9c0b-4ef8-bb6d-6bb9bd380a26	\N
2025-06-06	15:00	f5eebc99-9c0b-4ef8-bb6d-6bb9bd380a16	d5eebc99-9c0b-4ef8-bb6d-6bb9bd380a26	\N
2025-06-06	15:20	f5eebc99-9c0b-4ef8-bb6d-6bb9bd380a16	d5eebc99-9c0b-4ef8-bb6d-6bb9bd380a26	\N
2025-06-09	09:00	f5eebc99-9c0b-4ef8-bb6d-6bb9bd380a16	d5eebc99-9c0b-4ef8-bb6d-6bb9bd380a26	\N
2025-06-09	09:40	f5eebc99-9c0b-4ef8-bb6d-6bb9bd380a16	d5eebc99-9c0b-4ef8-bb6d-6bb9bd380a26	\N
2025-06-09	10:20	f5eebc99-9c0b-4ef8-bb6d-6bb9bd380a16	d5eebc99-9c0b-4ef8-bb6d-6bb9bd380a26	\N
2025-06-09	14:00	f5eebc99-9c0b-4ef8-bb6d-6bb9bd380a16	d5eebc99-9c0b-4ef8-bb6d-6bb9bd380a26	\N
2025-06-09	14:20	f5eebc99-9c0b-4ef8-bb6d-6bb9bd380a16	d5eebc99-9c0b-4ef8-bb6d-6bb9bd380a26	\N
2025-06-09	14:40	f5eebc99-9c0b-4ef8-bb6d-6bb9bd380a16	d5eebc99-9c0b-4ef8-bb6d-6bb9bd380a26	\N
2025-06-09	15:00	f5eebc99-9c0b-4ef8-bb6d-6bb9bd380a16	d5eebc99-9c0b-4ef8-bb6d-6bb9bd380a26	\N
2025-06-09	15:20	f5eebc99-9c0b-4ef8-bb6d-6bb9bd380a16	d5eebc99-9c0b-4ef8-bb6d-6bb9bd380a26	\N
2025-06-10	09:00	f5eebc99-9c0b-4ef8-bb6d-6bb9bd380a16	d5eebc99-9c0b-4ef8-bb6d-6bb9bd380a26	\N
2025-06-10	09:40	f5eebc99-9c0b-4ef8-bb6d-6bb9bd380a16	d5eebc99-9c0b-4ef8-bb6d-6bb9bd380a26	\N
2025-06-10	10:20	f5eebc99-9c0b-4ef8-bb6d-6bb9bd380a16	d5eebc99-9c0b-4ef8-bb6d-6bb9bd380a26	\N
2025-06-10	14:00	f5eebc99-9c0b-4ef8-bb6d-6bb9bd380a16	d5eebc99-9c0b-4ef8-bb6d-6bb9bd380a26	\N
2025-06-10	14:20	f5eebc99-9c0b-4ef8-bb6d-6bb9bd380a16	d5eebc99-9c0b-4ef8-bb6d-6bb9bd380a26	\N
2025-06-10	14:40	f5eebc99-9c0b-4ef8-bb6d-6bb9bd380a16	d5eebc99-9c0b-4ef8-bb6d-6bb9bd380a26	\N
2025-06-10	15:00	f5eebc99-9c0b-4ef8-bb6d-6bb9bd380a16	d5eebc99-9c0b-4ef8-bb6d-6bb9bd380a26	\N
2025-06-10	15:20	f5eebc99-9c0b-4ef8-bb6d-6bb9bd380a16	d5eebc99-9c0b-4ef8-bb6d-6bb9bd380a26	\N
2025-06-11	09:00	f5eebc99-9c0b-4ef8-bb6d-6bb9bd380a16	d5eebc99-9c0b-4ef8-bb6d-6bb9bd380a26	\N
2025-06-11	09:40	f5eebc99-9c0b-4ef8-bb6d-6bb9bd380a16	d5eebc99-9c0b-4ef8-bb6d-6bb9bd380a26	\N
2025-06-20	09:40	e4eebc99-9c0b-4ef8-bb6d-6bb9bd380a15	c4eebc99-9c0b-4ef8-bb6d-6bb9bd380a25	8a849bbe-1eff-429b-8beb-3a3b251f27e0
2025-06-11	10:20	f5eebc99-9c0b-4ef8-bb6d-6bb9bd380a16	d5eebc99-9c0b-4ef8-bb6d-6bb9bd380a26	\N
2025-06-11	14:00	f5eebc99-9c0b-4ef8-bb6d-6bb9bd380a16	d5eebc99-9c0b-4ef8-bb6d-6bb9bd380a26	\N
2025-06-11	14:20	f5eebc99-9c0b-4ef8-bb6d-6bb9bd380a16	d5eebc99-9c0b-4ef8-bb6d-6bb9bd380a26	\N
2025-06-11	14:40	f5eebc99-9c0b-4ef8-bb6d-6bb9bd380a16	d5eebc99-9c0b-4ef8-bb6d-6bb9bd380a26	\N
2025-06-11	15:00	f5eebc99-9c0b-4ef8-bb6d-6bb9bd380a16	d5eebc99-9c0b-4ef8-bb6d-6bb9bd380a26	\N
2025-06-11	15:20	f5eebc99-9c0b-4ef8-bb6d-6bb9bd380a16	d5eebc99-9c0b-4ef8-bb6d-6bb9bd380a26	\N
2025-06-12	09:00	f5eebc99-9c0b-4ef8-bb6d-6bb9bd380a16	d5eebc99-9c0b-4ef8-bb6d-6bb9bd380a26	\N
2025-06-12	09:40	f5eebc99-9c0b-4ef8-bb6d-6bb9bd380a16	d5eebc99-9c0b-4ef8-bb6d-6bb9bd380a26	\N
2025-06-12	10:20	f5eebc99-9c0b-4ef8-bb6d-6bb9bd380a16	d5eebc99-9c0b-4ef8-bb6d-6bb9bd380a26	\N
2025-06-12	14:00	f5eebc99-9c0b-4ef8-bb6d-6bb9bd380a16	d5eebc99-9c0b-4ef8-bb6d-6bb9bd380a26	\N
2025-06-12	14:20	f5eebc99-9c0b-4ef8-bb6d-6bb9bd380a16	d5eebc99-9c0b-4ef8-bb6d-6bb9bd380a26	\N
2025-06-12	14:40	f5eebc99-9c0b-4ef8-bb6d-6bb9bd380a16	d5eebc99-9c0b-4ef8-bb6d-6bb9bd380a26	\N
2025-06-12	15:00	f5eebc99-9c0b-4ef8-bb6d-6bb9bd380a16	d5eebc99-9c0b-4ef8-bb6d-6bb9bd380a26	\N
2025-06-12	15:20	f5eebc99-9c0b-4ef8-bb6d-6bb9bd380a16	d5eebc99-9c0b-4ef8-bb6d-6bb9bd380a26	\N
2025-06-13	09:00	f5eebc99-9c0b-4ef8-bb6d-6bb9bd380a16	d5eebc99-9c0b-4ef8-bb6d-6bb9bd380a26	\N
2025-06-13	09:40	f5eebc99-9c0b-4ef8-bb6d-6bb9bd380a16	d5eebc99-9c0b-4ef8-bb6d-6bb9bd380a26	\N
2025-06-13	10:20	f5eebc99-9c0b-4ef8-bb6d-6bb9bd380a16	d5eebc99-9c0b-4ef8-bb6d-6bb9bd380a26	\N
2025-06-13	14:00	f5eebc99-9c0b-4ef8-bb6d-6bb9bd380a16	d5eebc99-9c0b-4ef8-bb6d-6bb9bd380a26	\N
2025-06-13	14:20	f5eebc99-9c0b-4ef8-bb6d-6bb9bd380a16	d5eebc99-9c0b-4ef8-bb6d-6bb9bd380a26	\N
2025-06-13	14:40	f5eebc99-9c0b-4ef8-bb6d-6bb9bd380a16	d5eebc99-9c0b-4ef8-bb6d-6bb9bd380a26	\N
2025-06-13	15:00	f5eebc99-9c0b-4ef8-bb6d-6bb9bd380a16	d5eebc99-9c0b-4ef8-bb6d-6bb9bd380a26	\N
2025-06-13	15:20	f5eebc99-9c0b-4ef8-bb6d-6bb9bd380a16	d5eebc99-9c0b-4ef8-bb6d-6bb9bd380a26	\N
2025-06-16	09:00	f5eebc99-9c0b-4ef8-bb6d-6bb9bd380a16	d5eebc99-9c0b-4ef8-bb6d-6bb9bd380a26	\N
2025-06-16	09:40	f5eebc99-9c0b-4ef8-bb6d-6bb9bd380a16	d5eebc99-9c0b-4ef8-bb6d-6bb9bd380a26	\N
2025-06-16	10:20	f5eebc99-9c0b-4ef8-bb6d-6bb9bd380a16	d5eebc99-9c0b-4ef8-bb6d-6bb9bd380a26	\N
2025-06-16	14:00	f5eebc99-9c0b-4ef8-bb6d-6bb9bd380a16	d5eebc99-9c0b-4ef8-bb6d-6bb9bd380a26	\N
2025-06-16	14:20	f5eebc99-9c0b-4ef8-bb6d-6bb9bd380a16	d5eebc99-9c0b-4ef8-bb6d-6bb9bd380a26	\N
2025-06-16	14:40	f5eebc99-9c0b-4ef8-bb6d-6bb9bd380a16	d5eebc99-9c0b-4ef8-bb6d-6bb9bd380a26	\N
2025-06-16	15:00	f5eebc99-9c0b-4ef8-bb6d-6bb9bd380a16	d5eebc99-9c0b-4ef8-bb6d-6bb9bd380a26	\N
2025-06-16	15:20	f5eebc99-9c0b-4ef8-bb6d-6bb9bd380a16	d5eebc99-9c0b-4ef8-bb6d-6bb9bd380a26	\N
2025-06-17	09:00	f5eebc99-9c0b-4ef8-bb6d-6bb9bd380a16	d5eebc99-9c0b-4ef8-bb6d-6bb9bd380a26	\N
2025-06-17	09:40	f5eebc99-9c0b-4ef8-bb6d-6bb9bd380a16	d5eebc99-9c0b-4ef8-bb6d-6bb9bd380a26	\N
2025-06-17	10:20	f5eebc99-9c0b-4ef8-bb6d-6bb9bd380a16	d5eebc99-9c0b-4ef8-bb6d-6bb9bd380a26	\N
2025-06-17	14:00	f5eebc99-9c0b-4ef8-bb6d-6bb9bd380a16	d5eebc99-9c0b-4ef8-bb6d-6bb9bd380a26	\N
2025-06-17	14:20	f5eebc99-9c0b-4ef8-bb6d-6bb9bd380a16	d5eebc99-9c0b-4ef8-bb6d-6bb9bd380a26	\N
2025-06-17	14:40	f5eebc99-9c0b-4ef8-bb6d-6bb9bd380a16	d5eebc99-9c0b-4ef8-bb6d-6bb9bd380a26	\N
2025-06-17	15:00	f5eebc99-9c0b-4ef8-bb6d-6bb9bd380a16	d5eebc99-9c0b-4ef8-bb6d-6bb9bd380a26	\N
2025-06-17	15:20	f5eebc99-9c0b-4ef8-bb6d-6bb9bd380a16	d5eebc99-9c0b-4ef8-bb6d-6bb9bd380a26	\N
2025-06-18	09:00	f5eebc99-9c0b-4ef8-bb6d-6bb9bd380a16	d5eebc99-9c0b-4ef8-bb6d-6bb9bd380a26	\N
2025-06-18	09:40	f5eebc99-9c0b-4ef8-bb6d-6bb9bd380a16	d5eebc99-9c0b-4ef8-bb6d-6bb9bd380a26	\N
2025-06-18	10:20	f5eebc99-9c0b-4ef8-bb6d-6bb9bd380a16	d5eebc99-9c0b-4ef8-bb6d-6bb9bd380a26	\N
2025-06-18	14:00	f5eebc99-9c0b-4ef8-bb6d-6bb9bd380a16	d5eebc99-9c0b-4ef8-bb6d-6bb9bd380a26	\N
2025-06-18	14:20	f5eebc99-9c0b-4ef8-bb6d-6bb9bd380a16	d5eebc99-9c0b-4ef8-bb6d-6bb9bd380a26	\N
2025-06-18	14:40	f5eebc99-9c0b-4ef8-bb6d-6bb9bd380a16	d5eebc99-9c0b-4ef8-bb6d-6bb9bd380a26	\N
2025-06-18	15:00	f5eebc99-9c0b-4ef8-bb6d-6bb9bd380a16	d5eebc99-9c0b-4ef8-bb6d-6bb9bd380a26	\N
2025-06-18	15:20	f5eebc99-9c0b-4ef8-bb6d-6bb9bd380a16	d5eebc99-9c0b-4ef8-bb6d-6bb9bd380a26	\N
2025-06-19	09:00	f5eebc99-9c0b-4ef8-bb6d-6bb9bd380a16	d5eebc99-9c0b-4ef8-bb6d-6bb9bd380a26	\N
2025-06-19	09:40	f5eebc99-9c0b-4ef8-bb6d-6bb9bd380a16	d5eebc99-9c0b-4ef8-bb6d-6bb9bd380a26	\N
2025-06-19	10:20	f5eebc99-9c0b-4ef8-bb6d-6bb9bd380a16	d5eebc99-9c0b-4ef8-bb6d-6bb9bd380a26	\N
2025-06-19	14:00	f5eebc99-9c0b-4ef8-bb6d-6bb9bd380a16	d5eebc99-9c0b-4ef8-bb6d-6bb9bd380a26	\N
2025-06-19	14:20	f5eebc99-9c0b-4ef8-bb6d-6bb9bd380a16	d5eebc99-9c0b-4ef8-bb6d-6bb9bd380a26	\N
2025-06-19	14:40	f5eebc99-9c0b-4ef8-bb6d-6bb9bd380a16	d5eebc99-9c0b-4ef8-bb6d-6bb9bd380a26	\N
2025-06-19	15:00	f5eebc99-9c0b-4ef8-bb6d-6bb9bd380a16	d5eebc99-9c0b-4ef8-bb6d-6bb9bd380a26	\N
2025-06-19	15:20	f5eebc99-9c0b-4ef8-bb6d-6bb9bd380a16	d5eebc99-9c0b-4ef8-bb6d-6bb9bd380a26	\N
2025-06-20	09:00	f5eebc99-9c0b-4ef8-bb6d-6bb9bd380a16	d5eebc99-9c0b-4ef8-bb6d-6bb9bd380a26	\N
2025-06-20	09:40	f5eebc99-9c0b-4ef8-bb6d-6bb9bd380a16	d5eebc99-9c0b-4ef8-bb6d-6bb9bd380a26	\N
2025-06-20	10:20	f5eebc99-9c0b-4ef8-bb6d-6bb9bd380a16	d5eebc99-9c0b-4ef8-bb6d-6bb9bd380a26	\N
2025-06-20	14:00	f5eebc99-9c0b-4ef8-bb6d-6bb9bd380a16	d5eebc99-9c0b-4ef8-bb6d-6bb9bd380a26	\N
2025-06-20	14:20	f5eebc99-9c0b-4ef8-bb6d-6bb9bd380a16	d5eebc99-9c0b-4ef8-bb6d-6bb9bd380a26	\N
2025-06-20	14:40	f5eebc99-9c0b-4ef8-bb6d-6bb9bd380a16	d5eebc99-9c0b-4ef8-bb6d-6bb9bd380a26	\N
2025-06-20	15:00	f5eebc99-9c0b-4ef8-bb6d-6bb9bd380a16	d5eebc99-9c0b-4ef8-bb6d-6bb9bd380a26	\N
2025-06-20	15:20	f5eebc99-9c0b-4ef8-bb6d-6bb9bd380a16	d5eebc99-9c0b-4ef8-bb6d-6bb9bd380a26	\N
2025-06-23	09:00	f5eebc99-9c0b-4ef8-bb6d-6bb9bd380a16	d5eebc99-9c0b-4ef8-bb6d-6bb9bd380a26	\N
2025-06-23	09:40	f5eebc99-9c0b-4ef8-bb6d-6bb9bd380a16	d5eebc99-9c0b-4ef8-bb6d-6bb9bd380a26	\N
2025-06-23	10:20	f5eebc99-9c0b-4ef8-bb6d-6bb9bd380a16	d5eebc99-9c0b-4ef8-bb6d-6bb9bd380a26	\N
2025-06-23	14:00	f5eebc99-9c0b-4ef8-bb6d-6bb9bd380a16	d5eebc99-9c0b-4ef8-bb6d-6bb9bd380a26	\N
2025-06-23	14:20	f5eebc99-9c0b-4ef8-bb6d-6bb9bd380a16	d5eebc99-9c0b-4ef8-bb6d-6bb9bd380a26	\N
2025-06-23	14:40	f5eebc99-9c0b-4ef8-bb6d-6bb9bd380a16	d5eebc99-9c0b-4ef8-bb6d-6bb9bd380a26	\N
2025-06-23	15:00	f5eebc99-9c0b-4ef8-bb6d-6bb9bd380a16	d5eebc99-9c0b-4ef8-bb6d-6bb9bd380a26	\N
2025-06-23	15:20	f5eebc99-9c0b-4ef8-bb6d-6bb9bd380a16	d5eebc99-9c0b-4ef8-bb6d-6bb9bd380a26	\N
2025-06-24	09:00	f5eebc99-9c0b-4ef8-bb6d-6bb9bd380a16	d5eebc99-9c0b-4ef8-bb6d-6bb9bd380a26	\N
2025-06-24	09:40	f5eebc99-9c0b-4ef8-bb6d-6bb9bd380a16	d5eebc99-9c0b-4ef8-bb6d-6bb9bd380a26	\N
2025-06-24	10:20	f5eebc99-9c0b-4ef8-bb6d-6bb9bd380a16	d5eebc99-9c0b-4ef8-bb6d-6bb9bd380a26	\N
2025-06-24	14:00	f5eebc99-9c0b-4ef8-bb6d-6bb9bd380a16	d5eebc99-9c0b-4ef8-bb6d-6bb9bd380a26	\N
2025-06-24	14:20	f5eebc99-9c0b-4ef8-bb6d-6bb9bd380a16	d5eebc99-9c0b-4ef8-bb6d-6bb9bd380a26	\N
2025-06-24	14:40	f5eebc99-9c0b-4ef8-bb6d-6bb9bd380a16	d5eebc99-9c0b-4ef8-bb6d-6bb9bd380a26	\N
2025-06-24	15:00	f5eebc99-9c0b-4ef8-bb6d-6bb9bd380a16	d5eebc99-9c0b-4ef8-bb6d-6bb9bd380a26	\N
2025-06-24	15:20	f5eebc99-9c0b-4ef8-bb6d-6bb9bd380a16	d5eebc99-9c0b-4ef8-bb6d-6bb9bd380a26	\N
2025-06-04	09:00	a6eebc99-9c0b-4ef8-bb6d-6bb9bd380a17	e6eebc99-9c0b-4ef8-bb6d-6bb9bd380a27	\N
2025-06-04	09:40	a6eebc99-9c0b-4ef8-bb6d-6bb9bd380a17	e6eebc99-9c0b-4ef8-bb6d-6bb9bd380a27	\N
2025-06-04	10:20	a6eebc99-9c0b-4ef8-bb6d-6bb9bd380a17	e6eebc99-9c0b-4ef8-bb6d-6bb9bd380a27	\N
2025-06-04	14:00	a6eebc99-9c0b-4ef8-bb6d-6bb9bd380a17	e6eebc99-9c0b-4ef8-bb6d-6bb9bd380a27	\N
2025-06-04	14:20	a6eebc99-9c0b-4ef8-bb6d-6bb9bd380a17	e6eebc99-9c0b-4ef8-bb6d-6bb9bd380a27	\N
2025-06-04	14:40	a6eebc99-9c0b-4ef8-bb6d-6bb9bd380a17	e6eebc99-9c0b-4ef8-bb6d-6bb9bd380a27	\N
2025-06-04	15:00	a6eebc99-9c0b-4ef8-bb6d-6bb9bd380a17	e6eebc99-9c0b-4ef8-bb6d-6bb9bd380a27	\N
2025-06-04	15:20	a6eebc99-9c0b-4ef8-bb6d-6bb9bd380a17	e6eebc99-9c0b-4ef8-bb6d-6bb9bd380a27	\N
2025-06-05	09:00	a6eebc99-9c0b-4ef8-bb6d-6bb9bd380a17	e6eebc99-9c0b-4ef8-bb6d-6bb9bd380a27	\N
2025-06-05	09:40	a6eebc99-9c0b-4ef8-bb6d-6bb9bd380a17	e6eebc99-9c0b-4ef8-bb6d-6bb9bd380a27	\N
2025-06-05	10:20	a6eebc99-9c0b-4ef8-bb6d-6bb9bd380a17	e6eebc99-9c0b-4ef8-bb6d-6bb9bd380a27	\N
2025-06-05	14:00	a6eebc99-9c0b-4ef8-bb6d-6bb9bd380a17	e6eebc99-9c0b-4ef8-bb6d-6bb9bd380a27	\N
2025-06-05	14:20	a6eebc99-9c0b-4ef8-bb6d-6bb9bd380a17	e6eebc99-9c0b-4ef8-bb6d-6bb9bd380a27	\N
2025-06-05	14:40	a6eebc99-9c0b-4ef8-bb6d-6bb9bd380a17	e6eebc99-9c0b-4ef8-bb6d-6bb9bd380a27	\N
2025-06-05	15:00	a6eebc99-9c0b-4ef8-bb6d-6bb9bd380a17	e6eebc99-9c0b-4ef8-bb6d-6bb9bd380a27	\N
2025-06-05	15:20	a6eebc99-9c0b-4ef8-bb6d-6bb9bd380a17	e6eebc99-9c0b-4ef8-bb6d-6bb9bd380a27	\N
2025-06-06	09:00	a6eebc99-9c0b-4ef8-bb6d-6bb9bd380a17	e6eebc99-9c0b-4ef8-bb6d-6bb9bd380a27	\N
2025-06-06	09:40	a6eebc99-9c0b-4ef8-bb6d-6bb9bd380a17	e6eebc99-9c0b-4ef8-bb6d-6bb9bd380a27	\N
2025-06-06	10:20	a6eebc99-9c0b-4ef8-bb6d-6bb9bd380a17	e6eebc99-9c0b-4ef8-bb6d-6bb9bd380a27	\N
2025-06-06	14:00	a6eebc99-9c0b-4ef8-bb6d-6bb9bd380a17	e6eebc99-9c0b-4ef8-bb6d-6bb9bd380a27	\N
2025-06-06	14:20	a6eebc99-9c0b-4ef8-bb6d-6bb9bd380a17	e6eebc99-9c0b-4ef8-bb6d-6bb9bd380a27	\N
2025-06-06	14:40	a6eebc99-9c0b-4ef8-bb6d-6bb9bd380a17	e6eebc99-9c0b-4ef8-bb6d-6bb9bd380a27	\N
2025-06-06	15:00	a6eebc99-9c0b-4ef8-bb6d-6bb9bd380a17	e6eebc99-9c0b-4ef8-bb6d-6bb9bd380a27	\N
2025-06-06	15:20	a6eebc99-9c0b-4ef8-bb6d-6bb9bd380a17	e6eebc99-9c0b-4ef8-bb6d-6bb9bd380a27	\N
2025-06-09	09:00	a6eebc99-9c0b-4ef8-bb6d-6bb9bd380a17	e6eebc99-9c0b-4ef8-bb6d-6bb9bd380a27	\N
2025-06-09	09:40	a6eebc99-9c0b-4ef8-bb6d-6bb9bd380a17	e6eebc99-9c0b-4ef8-bb6d-6bb9bd380a27	\N
2025-06-09	10:20	a6eebc99-9c0b-4ef8-bb6d-6bb9bd380a17	e6eebc99-9c0b-4ef8-bb6d-6bb9bd380a27	\N
2025-06-09	14:00	a6eebc99-9c0b-4ef8-bb6d-6bb9bd380a17	e6eebc99-9c0b-4ef8-bb6d-6bb9bd380a27	\N
2025-06-09	14:20	a6eebc99-9c0b-4ef8-bb6d-6bb9bd380a17	e6eebc99-9c0b-4ef8-bb6d-6bb9bd380a27	\N
2025-06-09	14:40	a6eebc99-9c0b-4ef8-bb6d-6bb9bd380a17	e6eebc99-9c0b-4ef8-bb6d-6bb9bd380a27	\N
2025-06-09	15:00	a6eebc99-9c0b-4ef8-bb6d-6bb9bd380a17	e6eebc99-9c0b-4ef8-bb6d-6bb9bd380a27	\N
2025-06-09	15:20	a6eebc99-9c0b-4ef8-bb6d-6bb9bd380a17	e6eebc99-9c0b-4ef8-bb6d-6bb9bd380a27	\N
2025-06-10	09:00	a6eebc99-9c0b-4ef8-bb6d-6bb9bd380a17	e6eebc99-9c0b-4ef8-bb6d-6bb9bd380a27	\N
2025-06-10	09:40	a6eebc99-9c0b-4ef8-bb6d-6bb9bd380a17	e6eebc99-9c0b-4ef8-bb6d-6bb9bd380a27	\N
2025-06-10	10:20	a6eebc99-9c0b-4ef8-bb6d-6bb9bd380a17	e6eebc99-9c0b-4ef8-bb6d-6bb9bd380a27	\N
2025-06-10	14:00	a6eebc99-9c0b-4ef8-bb6d-6bb9bd380a17	e6eebc99-9c0b-4ef8-bb6d-6bb9bd380a27	\N
2025-06-10	14:20	a6eebc99-9c0b-4ef8-bb6d-6bb9bd380a17	e6eebc99-9c0b-4ef8-bb6d-6bb9bd380a27	\N
2025-06-10	14:40	a6eebc99-9c0b-4ef8-bb6d-6bb9bd380a17	e6eebc99-9c0b-4ef8-bb6d-6bb9bd380a27	\N
2025-06-10	15:00	a6eebc99-9c0b-4ef8-bb6d-6bb9bd380a17	e6eebc99-9c0b-4ef8-bb6d-6bb9bd380a27	\N
2025-06-10	15:20	a6eebc99-9c0b-4ef8-bb6d-6bb9bd380a17	e6eebc99-9c0b-4ef8-bb6d-6bb9bd380a27	\N
2025-06-11	09:00	a6eebc99-9c0b-4ef8-bb6d-6bb9bd380a17	e6eebc99-9c0b-4ef8-bb6d-6bb9bd380a27	\N
2025-06-11	09:40	a6eebc99-9c0b-4ef8-bb6d-6bb9bd380a17	e6eebc99-9c0b-4ef8-bb6d-6bb9bd380a27	\N
2025-06-11	10:20	a6eebc99-9c0b-4ef8-bb6d-6bb9bd380a17	e6eebc99-9c0b-4ef8-bb6d-6bb9bd380a27	\N
2025-06-11	14:00	a6eebc99-9c0b-4ef8-bb6d-6bb9bd380a17	e6eebc99-9c0b-4ef8-bb6d-6bb9bd380a27	\N
2025-06-11	14:20	a6eebc99-9c0b-4ef8-bb6d-6bb9bd380a17	e6eebc99-9c0b-4ef8-bb6d-6bb9bd380a27	\N
2025-06-11	14:40	a6eebc99-9c0b-4ef8-bb6d-6bb9bd380a17	e6eebc99-9c0b-4ef8-bb6d-6bb9bd380a27	\N
2025-06-11	15:00	a6eebc99-9c0b-4ef8-bb6d-6bb9bd380a17	e6eebc99-9c0b-4ef8-bb6d-6bb9bd380a27	\N
2025-06-11	15:20	a6eebc99-9c0b-4ef8-bb6d-6bb9bd380a17	e6eebc99-9c0b-4ef8-bb6d-6bb9bd380a27	\N
2025-06-12	09:00	a6eebc99-9c0b-4ef8-bb6d-6bb9bd380a17	e6eebc99-9c0b-4ef8-bb6d-6bb9bd380a27	\N
2025-06-12	09:40	a6eebc99-9c0b-4ef8-bb6d-6bb9bd380a17	e6eebc99-9c0b-4ef8-bb6d-6bb9bd380a27	\N
2025-06-12	10:20	a6eebc99-9c0b-4ef8-bb6d-6bb9bd380a17	e6eebc99-9c0b-4ef8-bb6d-6bb9bd380a27	\N
2025-06-12	14:00	a6eebc99-9c0b-4ef8-bb6d-6bb9bd380a17	e6eebc99-9c0b-4ef8-bb6d-6bb9bd380a27	\N
2025-06-12	14:20	a6eebc99-9c0b-4ef8-bb6d-6bb9bd380a17	e6eebc99-9c0b-4ef8-bb6d-6bb9bd380a27	\N
2025-06-12	14:40	a6eebc99-9c0b-4ef8-bb6d-6bb9bd380a17	e6eebc99-9c0b-4ef8-bb6d-6bb9bd380a27	\N
2025-06-12	15:00	a6eebc99-9c0b-4ef8-bb6d-6bb9bd380a17	e6eebc99-9c0b-4ef8-bb6d-6bb9bd380a27	\N
2025-06-12	15:20	a6eebc99-9c0b-4ef8-bb6d-6bb9bd380a17	e6eebc99-9c0b-4ef8-bb6d-6bb9bd380a27	\N
2025-06-13	09:00	a6eebc99-9c0b-4ef8-bb6d-6bb9bd380a17	e6eebc99-9c0b-4ef8-bb6d-6bb9bd380a27	\N
2025-06-13	09:40	a6eebc99-9c0b-4ef8-bb6d-6bb9bd380a17	e6eebc99-9c0b-4ef8-bb6d-6bb9bd380a27	\N
2025-06-13	10:20	a6eebc99-9c0b-4ef8-bb6d-6bb9bd380a17	e6eebc99-9c0b-4ef8-bb6d-6bb9bd380a27	\N
2025-06-13	14:00	a6eebc99-9c0b-4ef8-bb6d-6bb9bd380a17	e6eebc99-9c0b-4ef8-bb6d-6bb9bd380a27	\N
2025-06-13	14:20	a6eebc99-9c0b-4ef8-bb6d-6bb9bd380a17	e6eebc99-9c0b-4ef8-bb6d-6bb9bd380a27	\N
2025-06-13	14:40	a6eebc99-9c0b-4ef8-bb6d-6bb9bd380a17	e6eebc99-9c0b-4ef8-bb6d-6bb9bd380a27	\N
2025-06-13	15:00	a6eebc99-9c0b-4ef8-bb6d-6bb9bd380a17	e6eebc99-9c0b-4ef8-bb6d-6bb9bd380a27	\N
2025-06-13	15:20	a6eebc99-9c0b-4ef8-bb6d-6bb9bd380a17	e6eebc99-9c0b-4ef8-bb6d-6bb9bd380a27	\N
2025-06-16	09:00	a6eebc99-9c0b-4ef8-bb6d-6bb9bd380a17	e6eebc99-9c0b-4ef8-bb6d-6bb9bd380a27	\N
2025-06-16	09:40	a6eebc99-9c0b-4ef8-bb6d-6bb9bd380a17	e6eebc99-9c0b-4ef8-bb6d-6bb9bd380a27	\N
2025-06-16	10:20	a6eebc99-9c0b-4ef8-bb6d-6bb9bd380a17	e6eebc99-9c0b-4ef8-bb6d-6bb9bd380a27	\N
2025-06-16	14:00	a6eebc99-9c0b-4ef8-bb6d-6bb9bd380a17	e6eebc99-9c0b-4ef8-bb6d-6bb9bd380a27	\N
2025-06-16	14:20	a6eebc99-9c0b-4ef8-bb6d-6bb9bd380a17	e6eebc99-9c0b-4ef8-bb6d-6bb9bd380a27	\N
2025-06-16	14:40	a6eebc99-9c0b-4ef8-bb6d-6bb9bd380a17	e6eebc99-9c0b-4ef8-bb6d-6bb9bd380a27	\N
2025-06-16	15:00	a6eebc99-9c0b-4ef8-bb6d-6bb9bd380a17	e6eebc99-9c0b-4ef8-bb6d-6bb9bd380a27	\N
2025-06-16	15:20	a6eebc99-9c0b-4ef8-bb6d-6bb9bd380a17	e6eebc99-9c0b-4ef8-bb6d-6bb9bd380a27	\N
2025-06-17	09:00	a6eebc99-9c0b-4ef8-bb6d-6bb9bd380a17	e6eebc99-9c0b-4ef8-bb6d-6bb9bd380a27	\N
2025-06-17	09:40	a6eebc99-9c0b-4ef8-bb6d-6bb9bd380a17	e6eebc99-9c0b-4ef8-bb6d-6bb9bd380a27	\N
2025-06-17	10:20	a6eebc99-9c0b-4ef8-bb6d-6bb9bd380a17	e6eebc99-9c0b-4ef8-bb6d-6bb9bd380a27	\N
2025-06-17	14:00	a6eebc99-9c0b-4ef8-bb6d-6bb9bd380a17	e6eebc99-9c0b-4ef8-bb6d-6bb9bd380a27	\N
2025-06-17	14:20	a6eebc99-9c0b-4ef8-bb6d-6bb9bd380a17	e6eebc99-9c0b-4ef8-bb6d-6bb9bd380a27	\N
2025-06-17	14:40	a6eebc99-9c0b-4ef8-bb6d-6bb9bd380a17	e6eebc99-9c0b-4ef8-bb6d-6bb9bd380a27	\N
2025-06-17	15:00	a6eebc99-9c0b-4ef8-bb6d-6bb9bd380a17	e6eebc99-9c0b-4ef8-bb6d-6bb9bd380a27	\N
2025-06-17	15:20	a6eebc99-9c0b-4ef8-bb6d-6bb9bd380a17	e6eebc99-9c0b-4ef8-bb6d-6bb9bd380a27	\N
2025-06-18	09:00	a6eebc99-9c0b-4ef8-bb6d-6bb9bd380a17	e6eebc99-9c0b-4ef8-bb6d-6bb9bd380a27	\N
2025-06-18	09:40	a6eebc99-9c0b-4ef8-bb6d-6bb9bd380a17	e6eebc99-9c0b-4ef8-bb6d-6bb9bd380a27	\N
2025-06-18	10:20	a6eebc99-9c0b-4ef8-bb6d-6bb9bd380a17	e6eebc99-9c0b-4ef8-bb6d-6bb9bd380a27	\N
2025-06-18	14:00	a6eebc99-9c0b-4ef8-bb6d-6bb9bd380a17	e6eebc99-9c0b-4ef8-bb6d-6bb9bd380a27	\N
2025-06-18	14:20	a6eebc99-9c0b-4ef8-bb6d-6bb9bd380a17	e6eebc99-9c0b-4ef8-bb6d-6bb9bd380a27	\N
2025-06-18	14:40	a6eebc99-9c0b-4ef8-bb6d-6bb9bd380a17	e6eebc99-9c0b-4ef8-bb6d-6bb9bd380a27	\N
2025-06-18	15:00	a6eebc99-9c0b-4ef8-bb6d-6bb9bd380a17	e6eebc99-9c0b-4ef8-bb6d-6bb9bd380a27	\N
2025-06-18	15:20	a6eebc99-9c0b-4ef8-bb6d-6bb9bd380a17	e6eebc99-9c0b-4ef8-bb6d-6bb9bd380a27	\N
2025-06-19	09:00	a6eebc99-9c0b-4ef8-bb6d-6bb9bd380a17	e6eebc99-9c0b-4ef8-bb6d-6bb9bd380a27	\N
2025-06-19	09:40	a6eebc99-9c0b-4ef8-bb6d-6bb9bd380a17	e6eebc99-9c0b-4ef8-bb6d-6bb9bd380a27	\N
2025-06-19	10:20	a6eebc99-9c0b-4ef8-bb6d-6bb9bd380a17	e6eebc99-9c0b-4ef8-bb6d-6bb9bd380a27	\N
2025-06-19	14:00	a6eebc99-9c0b-4ef8-bb6d-6bb9bd380a17	e6eebc99-9c0b-4ef8-bb6d-6bb9bd380a27	\N
2025-06-19	14:20	a6eebc99-9c0b-4ef8-bb6d-6bb9bd380a17	e6eebc99-9c0b-4ef8-bb6d-6bb9bd380a27	\N
2025-06-19	14:40	a6eebc99-9c0b-4ef8-bb6d-6bb9bd380a17	e6eebc99-9c0b-4ef8-bb6d-6bb9bd380a27	\N
2025-06-19	15:00	a6eebc99-9c0b-4ef8-bb6d-6bb9bd380a17	e6eebc99-9c0b-4ef8-bb6d-6bb9bd380a27	\N
2025-06-19	15:20	a6eebc99-9c0b-4ef8-bb6d-6bb9bd380a17	e6eebc99-9c0b-4ef8-bb6d-6bb9bd380a27	\N
2025-06-20	09:00	a6eebc99-9c0b-4ef8-bb6d-6bb9bd380a17	e6eebc99-9c0b-4ef8-bb6d-6bb9bd380a27	\N
2025-06-20	10:20	a6eebc99-9c0b-4ef8-bb6d-6bb9bd380a17	e6eebc99-9c0b-4ef8-bb6d-6bb9bd380a27	\N
2025-06-20	14:00	a6eebc99-9c0b-4ef8-bb6d-6bb9bd380a17	e6eebc99-9c0b-4ef8-bb6d-6bb9bd380a27	\N
2025-06-20	14:20	a6eebc99-9c0b-4ef8-bb6d-6bb9bd380a17	e6eebc99-9c0b-4ef8-bb6d-6bb9bd380a27	\N
2025-06-20	14:40	a6eebc99-9c0b-4ef8-bb6d-6bb9bd380a17	e6eebc99-9c0b-4ef8-bb6d-6bb9bd380a27	\N
2025-06-20	15:00	a6eebc99-9c0b-4ef8-bb6d-6bb9bd380a17	e6eebc99-9c0b-4ef8-bb6d-6bb9bd380a27	\N
2025-06-20	15:20	a6eebc99-9c0b-4ef8-bb6d-6bb9bd380a17	e6eebc99-9c0b-4ef8-bb6d-6bb9bd380a27	\N
2025-06-23	09:00	a6eebc99-9c0b-4ef8-bb6d-6bb9bd380a17	e6eebc99-9c0b-4ef8-bb6d-6bb9bd380a27	\N
2025-06-23	09:40	a6eebc99-9c0b-4ef8-bb6d-6bb9bd380a17	e6eebc99-9c0b-4ef8-bb6d-6bb9bd380a27	\N
2025-06-23	10:20	a6eebc99-9c0b-4ef8-bb6d-6bb9bd380a17	e6eebc99-9c0b-4ef8-bb6d-6bb9bd380a27	\N
2025-06-23	14:00	a6eebc99-9c0b-4ef8-bb6d-6bb9bd380a17	e6eebc99-9c0b-4ef8-bb6d-6bb9bd380a27	\N
2025-06-23	14:20	a6eebc99-9c0b-4ef8-bb6d-6bb9bd380a17	e6eebc99-9c0b-4ef8-bb6d-6bb9bd380a27	\N
2025-06-23	14:40	a6eebc99-9c0b-4ef8-bb6d-6bb9bd380a17	e6eebc99-9c0b-4ef8-bb6d-6bb9bd380a27	\N
2025-06-23	15:00	a6eebc99-9c0b-4ef8-bb6d-6bb9bd380a17	e6eebc99-9c0b-4ef8-bb6d-6bb9bd380a27	\N
2025-06-23	15:20	a6eebc99-9c0b-4ef8-bb6d-6bb9bd380a17	e6eebc99-9c0b-4ef8-bb6d-6bb9bd380a27	\N
2025-06-24	09:00	a6eebc99-9c0b-4ef8-bb6d-6bb9bd380a17	e6eebc99-9c0b-4ef8-bb6d-6bb9bd380a27	\N
2025-06-24	09:40	a6eebc99-9c0b-4ef8-bb6d-6bb9bd380a17	e6eebc99-9c0b-4ef8-bb6d-6bb9bd380a27	\N
2025-06-24	10:20	a6eebc99-9c0b-4ef8-bb6d-6bb9bd380a17	e6eebc99-9c0b-4ef8-bb6d-6bb9bd380a27	\N
2025-06-24	14:00	a6eebc99-9c0b-4ef8-bb6d-6bb9bd380a17	e6eebc99-9c0b-4ef8-bb6d-6bb9bd380a27	\N
2025-06-24	14:20	a6eebc99-9c0b-4ef8-bb6d-6bb9bd380a17	e6eebc99-9c0b-4ef8-bb6d-6bb9bd380a27	\N
2025-06-24	14:40	a6eebc99-9c0b-4ef8-bb6d-6bb9bd380a17	e6eebc99-9c0b-4ef8-bb6d-6bb9bd380a27	\N
2025-06-24	15:00	a6eebc99-9c0b-4ef8-bb6d-6bb9bd380a17	e6eebc99-9c0b-4ef8-bb6d-6bb9bd380a27	\N
2025-06-24	15:20	a6eebc99-9c0b-4ef8-bb6d-6bb9bd380a17	e6eebc99-9c0b-4ef8-bb6d-6bb9bd380a27	\N
2025-06-04	09:00	b7eebc99-9c0b-4ef8-bb6d-6bb9bd380a18	f7eebc99-9c0b-4ef8-bb6d-6bb9bd380a28	\N
2025-06-04	09:40	b7eebc99-9c0b-4ef8-bb6d-6bb9bd380a18	f7eebc99-9c0b-4ef8-bb6d-6bb9bd380a28	\N
2025-06-04	10:20	b7eebc99-9c0b-4ef8-bb6d-6bb9bd380a18	f7eebc99-9c0b-4ef8-bb6d-6bb9bd380a28	\N
2025-06-04	14:00	b7eebc99-9c0b-4ef8-bb6d-6bb9bd380a18	f7eebc99-9c0b-4ef8-bb6d-6bb9bd380a28	\N
2025-06-04	14:20	b7eebc99-9c0b-4ef8-bb6d-6bb9bd380a18	f7eebc99-9c0b-4ef8-bb6d-6bb9bd380a28	\N
2025-06-04	14:40	b7eebc99-9c0b-4ef8-bb6d-6bb9bd380a18	f7eebc99-9c0b-4ef8-bb6d-6bb9bd380a28	\N
2025-06-04	15:00	b7eebc99-9c0b-4ef8-bb6d-6bb9bd380a18	f7eebc99-9c0b-4ef8-bb6d-6bb9bd380a28	\N
2025-06-04	15:20	b7eebc99-9c0b-4ef8-bb6d-6bb9bd380a18	f7eebc99-9c0b-4ef8-bb6d-6bb9bd380a28	\N
2025-06-05	09:00	b7eebc99-9c0b-4ef8-bb6d-6bb9bd380a18	f7eebc99-9c0b-4ef8-bb6d-6bb9bd380a28	\N
2025-06-05	09:40	b7eebc99-9c0b-4ef8-bb6d-6bb9bd380a18	f7eebc99-9c0b-4ef8-bb6d-6bb9bd380a28	\N
2025-06-05	10:20	b7eebc99-9c0b-4ef8-bb6d-6bb9bd380a18	f7eebc99-9c0b-4ef8-bb6d-6bb9bd380a28	\N
2025-06-05	14:00	b7eebc99-9c0b-4ef8-bb6d-6bb9bd380a18	f7eebc99-9c0b-4ef8-bb6d-6bb9bd380a28	\N
2025-06-05	14:20	b7eebc99-9c0b-4ef8-bb6d-6bb9bd380a18	f7eebc99-9c0b-4ef8-bb6d-6bb9bd380a28	\N
2025-06-05	14:40	b7eebc99-9c0b-4ef8-bb6d-6bb9bd380a18	f7eebc99-9c0b-4ef8-bb6d-6bb9bd380a28	\N
2025-06-05	15:00	b7eebc99-9c0b-4ef8-bb6d-6bb9bd380a18	f7eebc99-9c0b-4ef8-bb6d-6bb9bd380a28	\N
2025-06-05	15:20	b7eebc99-9c0b-4ef8-bb6d-6bb9bd380a18	f7eebc99-9c0b-4ef8-bb6d-6bb9bd380a28	\N
2025-06-06	09:00	b7eebc99-9c0b-4ef8-bb6d-6bb9bd380a18	f7eebc99-9c0b-4ef8-bb6d-6bb9bd380a28	\N
2025-06-06	09:40	b7eebc99-9c0b-4ef8-bb6d-6bb9bd380a18	f7eebc99-9c0b-4ef8-bb6d-6bb9bd380a28	\N
2025-06-06	10:20	b7eebc99-9c0b-4ef8-bb6d-6bb9bd380a18	f7eebc99-9c0b-4ef8-bb6d-6bb9bd380a28	\N
2025-06-06	14:00	b7eebc99-9c0b-4ef8-bb6d-6bb9bd380a18	f7eebc99-9c0b-4ef8-bb6d-6bb9bd380a28	\N
2025-06-06	14:20	b7eebc99-9c0b-4ef8-bb6d-6bb9bd380a18	f7eebc99-9c0b-4ef8-bb6d-6bb9bd380a28	\N
2025-06-06	14:40	b7eebc99-9c0b-4ef8-bb6d-6bb9bd380a18	f7eebc99-9c0b-4ef8-bb6d-6bb9bd380a28	\N
2025-06-06	15:00	b7eebc99-9c0b-4ef8-bb6d-6bb9bd380a18	f7eebc99-9c0b-4ef8-bb6d-6bb9bd380a28	\N
2025-06-06	15:20	b7eebc99-9c0b-4ef8-bb6d-6bb9bd380a18	f7eebc99-9c0b-4ef8-bb6d-6bb9bd380a28	\N
2025-06-09	09:00	b7eebc99-9c0b-4ef8-bb6d-6bb9bd380a18	f7eebc99-9c0b-4ef8-bb6d-6bb9bd380a28	\N
2025-06-09	09:40	b7eebc99-9c0b-4ef8-bb6d-6bb9bd380a18	f7eebc99-9c0b-4ef8-bb6d-6bb9bd380a28	\N
2025-06-09	10:20	b7eebc99-9c0b-4ef8-bb6d-6bb9bd380a18	f7eebc99-9c0b-4ef8-bb6d-6bb9bd380a28	\N
2025-06-09	14:00	b7eebc99-9c0b-4ef8-bb6d-6bb9bd380a18	f7eebc99-9c0b-4ef8-bb6d-6bb9bd380a28	\N
2025-06-09	14:20	b7eebc99-9c0b-4ef8-bb6d-6bb9bd380a18	f7eebc99-9c0b-4ef8-bb6d-6bb9bd380a28	\N
2025-06-09	14:40	b7eebc99-9c0b-4ef8-bb6d-6bb9bd380a18	f7eebc99-9c0b-4ef8-bb6d-6bb9bd380a28	\N
2025-06-09	15:00	b7eebc99-9c0b-4ef8-bb6d-6bb9bd380a18	f7eebc99-9c0b-4ef8-bb6d-6bb9bd380a28	\N
2025-06-09	15:20	b7eebc99-9c0b-4ef8-bb6d-6bb9bd380a18	f7eebc99-9c0b-4ef8-bb6d-6bb9bd380a28	\N
2025-06-10	09:00	b7eebc99-9c0b-4ef8-bb6d-6bb9bd380a18	f7eebc99-9c0b-4ef8-bb6d-6bb9bd380a28	\N
2025-06-10	09:40	b7eebc99-9c0b-4ef8-bb6d-6bb9bd380a18	f7eebc99-9c0b-4ef8-bb6d-6bb9bd380a28	\N
2025-06-10	10:20	b7eebc99-9c0b-4ef8-bb6d-6bb9bd380a18	f7eebc99-9c0b-4ef8-bb6d-6bb9bd380a28	\N
2025-06-10	14:00	b7eebc99-9c0b-4ef8-bb6d-6bb9bd380a18	f7eebc99-9c0b-4ef8-bb6d-6bb9bd380a28	\N
2025-06-10	14:20	b7eebc99-9c0b-4ef8-bb6d-6bb9bd380a18	f7eebc99-9c0b-4ef8-bb6d-6bb9bd380a28	\N
2025-06-10	14:40	b7eebc99-9c0b-4ef8-bb6d-6bb9bd380a18	f7eebc99-9c0b-4ef8-bb6d-6bb9bd380a28	\N
2025-06-10	15:00	b7eebc99-9c0b-4ef8-bb6d-6bb9bd380a18	f7eebc99-9c0b-4ef8-bb6d-6bb9bd380a28	\N
2025-06-10	15:20	b7eebc99-9c0b-4ef8-bb6d-6bb9bd380a18	f7eebc99-9c0b-4ef8-bb6d-6bb9bd380a28	\N
2025-06-11	09:00	b7eebc99-9c0b-4ef8-bb6d-6bb9bd380a18	f7eebc99-9c0b-4ef8-bb6d-6bb9bd380a28	\N
2025-06-11	09:40	b7eebc99-9c0b-4ef8-bb6d-6bb9bd380a18	f7eebc99-9c0b-4ef8-bb6d-6bb9bd380a28	\N
2025-06-11	10:20	b7eebc99-9c0b-4ef8-bb6d-6bb9bd380a18	f7eebc99-9c0b-4ef8-bb6d-6bb9bd380a28	\N
2025-06-11	14:00	b7eebc99-9c0b-4ef8-bb6d-6bb9bd380a18	f7eebc99-9c0b-4ef8-bb6d-6bb9bd380a28	\N
2025-06-11	14:20	b7eebc99-9c0b-4ef8-bb6d-6bb9bd380a18	f7eebc99-9c0b-4ef8-bb6d-6bb9bd380a28	\N
2025-06-11	14:40	b7eebc99-9c0b-4ef8-bb6d-6bb9bd380a18	f7eebc99-9c0b-4ef8-bb6d-6bb9bd380a28	\N
2025-06-11	15:00	b7eebc99-9c0b-4ef8-bb6d-6bb9bd380a18	f7eebc99-9c0b-4ef8-bb6d-6bb9bd380a28	\N
2025-06-11	15:20	b7eebc99-9c0b-4ef8-bb6d-6bb9bd380a18	f7eebc99-9c0b-4ef8-bb6d-6bb9bd380a28	\N
2025-06-12	09:00	b7eebc99-9c0b-4ef8-bb6d-6bb9bd380a18	f7eebc99-9c0b-4ef8-bb6d-6bb9bd380a28	\N
2025-06-12	09:40	b7eebc99-9c0b-4ef8-bb6d-6bb9bd380a18	f7eebc99-9c0b-4ef8-bb6d-6bb9bd380a28	\N
2025-06-12	10:20	b7eebc99-9c0b-4ef8-bb6d-6bb9bd380a18	f7eebc99-9c0b-4ef8-bb6d-6bb9bd380a28	\N
2025-06-12	14:00	b7eebc99-9c0b-4ef8-bb6d-6bb9bd380a18	f7eebc99-9c0b-4ef8-bb6d-6bb9bd380a28	\N
2025-06-12	14:20	b7eebc99-9c0b-4ef8-bb6d-6bb9bd380a18	f7eebc99-9c0b-4ef8-bb6d-6bb9bd380a28	\N
2025-06-12	14:40	b7eebc99-9c0b-4ef8-bb6d-6bb9bd380a18	f7eebc99-9c0b-4ef8-bb6d-6bb9bd380a28	\N
2025-06-12	15:00	b7eebc99-9c0b-4ef8-bb6d-6bb9bd380a18	f7eebc99-9c0b-4ef8-bb6d-6bb9bd380a28	\N
2025-06-12	15:20	b7eebc99-9c0b-4ef8-bb6d-6bb9bd380a18	f7eebc99-9c0b-4ef8-bb6d-6bb9bd380a28	\N
2025-06-13	09:00	b7eebc99-9c0b-4ef8-bb6d-6bb9bd380a18	f7eebc99-9c0b-4ef8-bb6d-6bb9bd380a28	\N
2025-06-13	09:40	b7eebc99-9c0b-4ef8-bb6d-6bb9bd380a18	f7eebc99-9c0b-4ef8-bb6d-6bb9bd380a28	\N
2025-06-13	10:20	b7eebc99-9c0b-4ef8-bb6d-6bb9bd380a18	f7eebc99-9c0b-4ef8-bb6d-6bb9bd380a28	\N
2025-06-13	14:00	b7eebc99-9c0b-4ef8-bb6d-6bb9bd380a18	f7eebc99-9c0b-4ef8-bb6d-6bb9bd380a28	\N
2025-06-13	14:20	b7eebc99-9c0b-4ef8-bb6d-6bb9bd380a18	f7eebc99-9c0b-4ef8-bb6d-6bb9bd380a28	\N
2025-06-13	14:40	b7eebc99-9c0b-4ef8-bb6d-6bb9bd380a18	f7eebc99-9c0b-4ef8-bb6d-6bb9bd380a28	\N
2025-06-13	15:00	b7eebc99-9c0b-4ef8-bb6d-6bb9bd380a18	f7eebc99-9c0b-4ef8-bb6d-6bb9bd380a28	\N
2025-06-13	15:20	b7eebc99-9c0b-4ef8-bb6d-6bb9bd380a18	f7eebc99-9c0b-4ef8-bb6d-6bb9bd380a28	\N
2025-06-16	09:00	b7eebc99-9c0b-4ef8-bb6d-6bb9bd380a18	f7eebc99-9c0b-4ef8-bb6d-6bb9bd380a28	\N
2025-06-16	09:40	b7eebc99-9c0b-4ef8-bb6d-6bb9bd380a18	f7eebc99-9c0b-4ef8-bb6d-6bb9bd380a28	\N
2025-06-16	10:20	b7eebc99-9c0b-4ef8-bb6d-6bb9bd380a18	f7eebc99-9c0b-4ef8-bb6d-6bb9bd380a28	\N
2025-06-16	14:00	b7eebc99-9c0b-4ef8-bb6d-6bb9bd380a18	f7eebc99-9c0b-4ef8-bb6d-6bb9bd380a28	\N
2025-06-16	14:20	b7eebc99-9c0b-4ef8-bb6d-6bb9bd380a18	f7eebc99-9c0b-4ef8-bb6d-6bb9bd380a28	\N
2025-06-16	14:40	b7eebc99-9c0b-4ef8-bb6d-6bb9bd380a18	f7eebc99-9c0b-4ef8-bb6d-6bb9bd380a28	\N
2025-06-16	15:00	b7eebc99-9c0b-4ef8-bb6d-6bb9bd380a18	f7eebc99-9c0b-4ef8-bb6d-6bb9bd380a28	\N
2025-06-16	15:20	b7eebc99-9c0b-4ef8-bb6d-6bb9bd380a18	f7eebc99-9c0b-4ef8-bb6d-6bb9bd380a28	\N
2025-06-17	09:00	b7eebc99-9c0b-4ef8-bb6d-6bb9bd380a18	f7eebc99-9c0b-4ef8-bb6d-6bb9bd380a28	\N
2025-06-17	09:40	b7eebc99-9c0b-4ef8-bb6d-6bb9bd380a18	f7eebc99-9c0b-4ef8-bb6d-6bb9bd380a28	\N
2025-06-17	10:20	b7eebc99-9c0b-4ef8-bb6d-6bb9bd380a18	f7eebc99-9c0b-4ef8-bb6d-6bb9bd380a28	\N
2025-06-17	14:00	b7eebc99-9c0b-4ef8-bb6d-6bb9bd380a18	f7eebc99-9c0b-4ef8-bb6d-6bb9bd380a28	\N
2025-06-17	14:20	b7eebc99-9c0b-4ef8-bb6d-6bb9bd380a18	f7eebc99-9c0b-4ef8-bb6d-6bb9bd380a28	\N
2025-06-17	14:40	b7eebc99-9c0b-4ef8-bb6d-6bb9bd380a18	f7eebc99-9c0b-4ef8-bb6d-6bb9bd380a28	\N
2025-06-17	15:00	b7eebc99-9c0b-4ef8-bb6d-6bb9bd380a18	f7eebc99-9c0b-4ef8-bb6d-6bb9bd380a28	\N
2025-06-17	15:20	b7eebc99-9c0b-4ef8-bb6d-6bb9bd380a18	f7eebc99-9c0b-4ef8-bb6d-6bb9bd380a28	\N
2025-06-18	09:00	b7eebc99-9c0b-4ef8-bb6d-6bb9bd380a18	f7eebc99-9c0b-4ef8-bb6d-6bb9bd380a28	\N
2025-06-18	09:40	b7eebc99-9c0b-4ef8-bb6d-6bb9bd380a18	f7eebc99-9c0b-4ef8-bb6d-6bb9bd380a28	\N
2025-06-18	10:20	b7eebc99-9c0b-4ef8-bb6d-6bb9bd380a18	f7eebc99-9c0b-4ef8-bb6d-6bb9bd380a28	\N
2025-06-18	14:00	b7eebc99-9c0b-4ef8-bb6d-6bb9bd380a18	f7eebc99-9c0b-4ef8-bb6d-6bb9bd380a28	\N
2025-06-18	14:20	b7eebc99-9c0b-4ef8-bb6d-6bb9bd380a18	f7eebc99-9c0b-4ef8-bb6d-6bb9bd380a28	\N
2025-06-18	14:40	b7eebc99-9c0b-4ef8-bb6d-6bb9bd380a18	f7eebc99-9c0b-4ef8-bb6d-6bb9bd380a28	\N
2025-06-18	15:00	b7eebc99-9c0b-4ef8-bb6d-6bb9bd380a18	f7eebc99-9c0b-4ef8-bb6d-6bb9bd380a28	\N
2025-06-18	15:20	b7eebc99-9c0b-4ef8-bb6d-6bb9bd380a18	f7eebc99-9c0b-4ef8-bb6d-6bb9bd380a28	\N
2025-06-19	09:00	b7eebc99-9c0b-4ef8-bb6d-6bb9bd380a18	f7eebc99-9c0b-4ef8-bb6d-6bb9bd380a28	\N
2025-06-19	09:40	b7eebc99-9c0b-4ef8-bb6d-6bb9bd380a18	f7eebc99-9c0b-4ef8-bb6d-6bb9bd380a28	\N
2025-06-19	10:20	b7eebc99-9c0b-4ef8-bb6d-6bb9bd380a18	f7eebc99-9c0b-4ef8-bb6d-6bb9bd380a28	\N
2025-06-19	14:00	b7eebc99-9c0b-4ef8-bb6d-6bb9bd380a18	f7eebc99-9c0b-4ef8-bb6d-6bb9bd380a28	\N
2025-06-19	14:20	b7eebc99-9c0b-4ef8-bb6d-6bb9bd380a18	f7eebc99-9c0b-4ef8-bb6d-6bb9bd380a28	\N
2025-06-19	14:40	b7eebc99-9c0b-4ef8-bb6d-6bb9bd380a18	f7eebc99-9c0b-4ef8-bb6d-6bb9bd380a28	\N
2025-06-19	15:00	b7eebc99-9c0b-4ef8-bb6d-6bb9bd380a18	f7eebc99-9c0b-4ef8-bb6d-6bb9bd380a28	\N
2025-06-19	15:20	b7eebc99-9c0b-4ef8-bb6d-6bb9bd380a18	f7eebc99-9c0b-4ef8-bb6d-6bb9bd380a28	\N
2025-06-20	09:00	b7eebc99-9c0b-4ef8-bb6d-6bb9bd380a18	f7eebc99-9c0b-4ef8-bb6d-6bb9bd380a28	\N
2025-06-20	09:40	b7eebc99-9c0b-4ef8-bb6d-6bb9bd380a18	f7eebc99-9c0b-4ef8-bb6d-6bb9bd380a28	\N
2025-06-20	10:20	b7eebc99-9c0b-4ef8-bb6d-6bb9bd380a18	f7eebc99-9c0b-4ef8-bb6d-6bb9bd380a28	\N
2025-06-20	14:00	b7eebc99-9c0b-4ef8-bb6d-6bb9bd380a18	f7eebc99-9c0b-4ef8-bb6d-6bb9bd380a28	\N
2025-06-20	14:20	b7eebc99-9c0b-4ef8-bb6d-6bb9bd380a18	f7eebc99-9c0b-4ef8-bb6d-6bb9bd380a28	\N
2025-06-20	14:40	b7eebc99-9c0b-4ef8-bb6d-6bb9bd380a18	f7eebc99-9c0b-4ef8-bb6d-6bb9bd380a28	\N
2025-06-20	15:00	b7eebc99-9c0b-4ef8-bb6d-6bb9bd380a18	f7eebc99-9c0b-4ef8-bb6d-6bb9bd380a28	\N
2025-06-20	15:20	b7eebc99-9c0b-4ef8-bb6d-6bb9bd380a18	f7eebc99-9c0b-4ef8-bb6d-6bb9bd380a28	\N
2025-06-23	09:00	b7eebc99-9c0b-4ef8-bb6d-6bb9bd380a18	f7eebc99-9c0b-4ef8-bb6d-6bb9bd380a28	\N
2025-06-23	09:40	b7eebc99-9c0b-4ef8-bb6d-6bb9bd380a18	f7eebc99-9c0b-4ef8-bb6d-6bb9bd380a28	\N
2025-06-23	10:20	b7eebc99-9c0b-4ef8-bb6d-6bb9bd380a18	f7eebc99-9c0b-4ef8-bb6d-6bb9bd380a28	\N
2025-06-23	14:00	b7eebc99-9c0b-4ef8-bb6d-6bb9bd380a18	f7eebc99-9c0b-4ef8-bb6d-6bb9bd380a28	\N
2025-06-23	14:20	b7eebc99-9c0b-4ef8-bb6d-6bb9bd380a18	f7eebc99-9c0b-4ef8-bb6d-6bb9bd380a28	\N
2025-06-23	14:40	b7eebc99-9c0b-4ef8-bb6d-6bb9bd380a18	f7eebc99-9c0b-4ef8-bb6d-6bb9bd380a28	\N
2025-06-23	15:00	b7eebc99-9c0b-4ef8-bb6d-6bb9bd380a18	f7eebc99-9c0b-4ef8-bb6d-6bb9bd380a28	\N
2025-06-23	15:20	b7eebc99-9c0b-4ef8-bb6d-6bb9bd380a18	f7eebc99-9c0b-4ef8-bb6d-6bb9bd380a28	\N
2025-06-24	09:00	b7eebc99-9c0b-4ef8-bb6d-6bb9bd380a18	f7eebc99-9c0b-4ef8-bb6d-6bb9bd380a28	\N
2025-06-24	09:40	b7eebc99-9c0b-4ef8-bb6d-6bb9bd380a18	f7eebc99-9c0b-4ef8-bb6d-6bb9bd380a28	\N
2025-06-24	10:20	b7eebc99-9c0b-4ef8-bb6d-6bb9bd380a18	f7eebc99-9c0b-4ef8-bb6d-6bb9bd380a28	\N
2025-06-24	14:00	b7eebc99-9c0b-4ef8-bb6d-6bb9bd380a18	f7eebc99-9c0b-4ef8-bb6d-6bb9bd380a28	\N
2025-06-24	14:20	b7eebc99-9c0b-4ef8-bb6d-6bb9bd380a18	f7eebc99-9c0b-4ef8-bb6d-6bb9bd380a28	\N
2025-06-24	14:40	b7eebc99-9c0b-4ef8-bb6d-6bb9bd380a18	f7eebc99-9c0b-4ef8-bb6d-6bb9bd380a28	\N
2025-06-24	15:00	b7eebc99-9c0b-4ef8-bb6d-6bb9bd380a18	f7eebc99-9c0b-4ef8-bb6d-6bb9bd380a28	\N
2025-06-24	15:20	b7eebc99-9c0b-4ef8-bb6d-6bb9bd380a18	f7eebc99-9c0b-4ef8-bb6d-6bb9bd380a28	\N
2025-06-04	09:00	c8eebc99-9c0b-4ef8-bb6d-6bb9bd380a19	a8eebc99-9c0b-4ef8-bb6d-6bb9bd380a29	\N
2025-06-04	09:40	c8eebc99-9c0b-4ef8-bb6d-6bb9bd380a19	a8eebc99-9c0b-4ef8-bb6d-6bb9bd380a29	\N
2025-06-04	10:20	c8eebc99-9c0b-4ef8-bb6d-6bb9bd380a19	a8eebc99-9c0b-4ef8-bb6d-6bb9bd380a29	\N
2025-06-04	14:00	c8eebc99-9c0b-4ef8-bb6d-6bb9bd380a19	a8eebc99-9c0b-4ef8-bb6d-6bb9bd380a29	\N
2025-06-04	14:20	c8eebc99-9c0b-4ef8-bb6d-6bb9bd380a19	a8eebc99-9c0b-4ef8-bb6d-6bb9bd380a29	\N
2025-06-04	14:40	c8eebc99-9c0b-4ef8-bb6d-6bb9bd380a19	a8eebc99-9c0b-4ef8-bb6d-6bb9bd380a29	\N
2025-06-04	15:00	c8eebc99-9c0b-4ef8-bb6d-6bb9bd380a19	a8eebc99-9c0b-4ef8-bb6d-6bb9bd380a29	\N
2025-06-04	15:20	c8eebc99-9c0b-4ef8-bb6d-6bb9bd380a19	a8eebc99-9c0b-4ef8-bb6d-6bb9bd380a29	\N
2025-06-05	09:00	c8eebc99-9c0b-4ef8-bb6d-6bb9bd380a19	a8eebc99-9c0b-4ef8-bb6d-6bb9bd380a29	\N
2025-06-05	09:40	c8eebc99-9c0b-4ef8-bb6d-6bb9bd380a19	a8eebc99-9c0b-4ef8-bb6d-6bb9bd380a29	\N
2025-06-05	10:20	c8eebc99-9c0b-4ef8-bb6d-6bb9bd380a19	a8eebc99-9c0b-4ef8-bb6d-6bb9bd380a29	\N
2025-06-05	14:00	c8eebc99-9c0b-4ef8-bb6d-6bb9bd380a19	a8eebc99-9c0b-4ef8-bb6d-6bb9bd380a29	\N
2025-06-05	14:20	c8eebc99-9c0b-4ef8-bb6d-6bb9bd380a19	a8eebc99-9c0b-4ef8-bb6d-6bb9bd380a29	\N
2025-06-05	14:40	c8eebc99-9c0b-4ef8-bb6d-6bb9bd380a19	a8eebc99-9c0b-4ef8-bb6d-6bb9bd380a29	\N
2025-06-05	15:00	c8eebc99-9c0b-4ef8-bb6d-6bb9bd380a19	a8eebc99-9c0b-4ef8-bb6d-6bb9bd380a29	\N
2025-06-05	15:20	c8eebc99-9c0b-4ef8-bb6d-6bb9bd380a19	a8eebc99-9c0b-4ef8-bb6d-6bb9bd380a29	\N
2025-06-06	09:00	c8eebc99-9c0b-4ef8-bb6d-6bb9bd380a19	a8eebc99-9c0b-4ef8-bb6d-6bb9bd380a29	\N
2025-06-06	09:40	c8eebc99-9c0b-4ef8-bb6d-6bb9bd380a19	a8eebc99-9c0b-4ef8-bb6d-6bb9bd380a29	\N
2025-06-06	10:20	c8eebc99-9c0b-4ef8-bb6d-6bb9bd380a19	a8eebc99-9c0b-4ef8-bb6d-6bb9bd380a29	\N
2025-06-06	14:00	c8eebc99-9c0b-4ef8-bb6d-6bb9bd380a19	a8eebc99-9c0b-4ef8-bb6d-6bb9bd380a29	\N
2025-06-06	14:20	c8eebc99-9c0b-4ef8-bb6d-6bb9bd380a19	a8eebc99-9c0b-4ef8-bb6d-6bb9bd380a29	\N
2025-06-06	14:40	c8eebc99-9c0b-4ef8-bb6d-6bb9bd380a19	a8eebc99-9c0b-4ef8-bb6d-6bb9bd380a29	\N
2025-06-06	15:00	c8eebc99-9c0b-4ef8-bb6d-6bb9bd380a19	a8eebc99-9c0b-4ef8-bb6d-6bb9bd380a29	\N
2025-06-06	15:20	c8eebc99-9c0b-4ef8-bb6d-6bb9bd380a19	a8eebc99-9c0b-4ef8-bb6d-6bb9bd380a29	\N
2025-06-09	09:00	c8eebc99-9c0b-4ef8-bb6d-6bb9bd380a19	a8eebc99-9c0b-4ef8-bb6d-6bb9bd380a29	\N
2025-06-09	09:40	c8eebc99-9c0b-4ef8-bb6d-6bb9bd380a19	a8eebc99-9c0b-4ef8-bb6d-6bb9bd380a29	\N
2025-06-09	10:20	c8eebc99-9c0b-4ef8-bb6d-6bb9bd380a19	a8eebc99-9c0b-4ef8-bb6d-6bb9bd380a29	\N
2025-06-09	14:00	c8eebc99-9c0b-4ef8-bb6d-6bb9bd380a19	a8eebc99-9c0b-4ef8-bb6d-6bb9bd380a29	\N
2025-06-09	14:20	c8eebc99-9c0b-4ef8-bb6d-6bb9bd380a19	a8eebc99-9c0b-4ef8-bb6d-6bb9bd380a29	\N
2025-06-09	14:40	c8eebc99-9c0b-4ef8-bb6d-6bb9bd380a19	a8eebc99-9c0b-4ef8-bb6d-6bb9bd380a29	\N
2025-06-09	15:00	c8eebc99-9c0b-4ef8-bb6d-6bb9bd380a19	a8eebc99-9c0b-4ef8-bb6d-6bb9bd380a29	\N
2025-06-09	15:20	c8eebc99-9c0b-4ef8-bb6d-6bb9bd380a19	a8eebc99-9c0b-4ef8-bb6d-6bb9bd380a29	\N
2025-06-10	09:00	c8eebc99-9c0b-4ef8-bb6d-6bb9bd380a19	a8eebc99-9c0b-4ef8-bb6d-6bb9bd380a29	\N
2025-06-10	09:40	c8eebc99-9c0b-4ef8-bb6d-6bb9bd380a19	a8eebc99-9c0b-4ef8-bb6d-6bb9bd380a29	\N
2025-06-10	10:20	c8eebc99-9c0b-4ef8-bb6d-6bb9bd380a19	a8eebc99-9c0b-4ef8-bb6d-6bb9bd380a29	\N
2025-06-10	14:00	c8eebc99-9c0b-4ef8-bb6d-6bb9bd380a19	a8eebc99-9c0b-4ef8-bb6d-6bb9bd380a29	\N
2025-06-10	14:20	c8eebc99-9c0b-4ef8-bb6d-6bb9bd380a19	a8eebc99-9c0b-4ef8-bb6d-6bb9bd380a29	\N
2025-06-10	14:40	c8eebc99-9c0b-4ef8-bb6d-6bb9bd380a19	a8eebc99-9c0b-4ef8-bb6d-6bb9bd380a29	\N
2025-06-10	15:00	c8eebc99-9c0b-4ef8-bb6d-6bb9bd380a19	a8eebc99-9c0b-4ef8-bb6d-6bb9bd380a29	\N
2025-06-10	15:20	c8eebc99-9c0b-4ef8-bb6d-6bb9bd380a19	a8eebc99-9c0b-4ef8-bb6d-6bb9bd380a29	\N
2025-06-11	09:00	c8eebc99-9c0b-4ef8-bb6d-6bb9bd380a19	a8eebc99-9c0b-4ef8-bb6d-6bb9bd380a29	\N
2025-06-11	09:40	c8eebc99-9c0b-4ef8-bb6d-6bb9bd380a19	a8eebc99-9c0b-4ef8-bb6d-6bb9bd380a29	\N
2025-06-11	10:20	c8eebc99-9c0b-4ef8-bb6d-6bb9bd380a19	a8eebc99-9c0b-4ef8-bb6d-6bb9bd380a29	\N
2025-06-11	14:00	c8eebc99-9c0b-4ef8-bb6d-6bb9bd380a19	a8eebc99-9c0b-4ef8-bb6d-6bb9bd380a29	\N
2025-06-11	14:20	c8eebc99-9c0b-4ef8-bb6d-6bb9bd380a19	a8eebc99-9c0b-4ef8-bb6d-6bb9bd380a29	\N
2025-06-11	14:40	c8eebc99-9c0b-4ef8-bb6d-6bb9bd380a19	a8eebc99-9c0b-4ef8-bb6d-6bb9bd380a29	\N
2025-06-11	15:00	c8eebc99-9c0b-4ef8-bb6d-6bb9bd380a19	a8eebc99-9c0b-4ef8-bb6d-6bb9bd380a29	\N
2025-06-11	15:20	c8eebc99-9c0b-4ef8-bb6d-6bb9bd380a19	a8eebc99-9c0b-4ef8-bb6d-6bb9bd380a29	\N
2025-06-12	09:00	c8eebc99-9c0b-4ef8-bb6d-6bb9bd380a19	a8eebc99-9c0b-4ef8-bb6d-6bb9bd380a29	\N
2025-06-12	09:40	c8eebc99-9c0b-4ef8-bb6d-6bb9bd380a19	a8eebc99-9c0b-4ef8-bb6d-6bb9bd380a29	\N
2025-06-12	10:20	c8eebc99-9c0b-4ef8-bb6d-6bb9bd380a19	a8eebc99-9c0b-4ef8-bb6d-6bb9bd380a29	\N
2025-06-12	14:00	c8eebc99-9c0b-4ef8-bb6d-6bb9bd380a19	a8eebc99-9c0b-4ef8-bb6d-6bb9bd380a29	\N
2025-06-12	14:20	c8eebc99-9c0b-4ef8-bb6d-6bb9bd380a19	a8eebc99-9c0b-4ef8-bb6d-6bb9bd380a29	\N
2025-06-12	14:40	c8eebc99-9c0b-4ef8-bb6d-6bb9bd380a19	a8eebc99-9c0b-4ef8-bb6d-6bb9bd380a29	\N
2025-06-12	15:00	c8eebc99-9c0b-4ef8-bb6d-6bb9bd380a19	a8eebc99-9c0b-4ef8-bb6d-6bb9bd380a29	\N
2025-06-12	15:20	c8eebc99-9c0b-4ef8-bb6d-6bb9bd380a19	a8eebc99-9c0b-4ef8-bb6d-6bb9bd380a29	\N
2025-06-13	09:00	c8eebc99-9c0b-4ef8-bb6d-6bb9bd380a19	a8eebc99-9c0b-4ef8-bb6d-6bb9bd380a29	\N
2025-06-13	09:40	c8eebc99-9c0b-4ef8-bb6d-6bb9bd380a19	a8eebc99-9c0b-4ef8-bb6d-6bb9bd380a29	\N
2025-06-13	10:20	c8eebc99-9c0b-4ef8-bb6d-6bb9bd380a19	a8eebc99-9c0b-4ef8-bb6d-6bb9bd380a29	\N
2025-06-13	14:00	c8eebc99-9c0b-4ef8-bb6d-6bb9bd380a19	a8eebc99-9c0b-4ef8-bb6d-6bb9bd380a29	\N
2025-06-13	14:20	c8eebc99-9c0b-4ef8-bb6d-6bb9bd380a19	a8eebc99-9c0b-4ef8-bb6d-6bb9bd380a29	\N
2025-06-13	14:40	c8eebc99-9c0b-4ef8-bb6d-6bb9bd380a19	a8eebc99-9c0b-4ef8-bb6d-6bb9bd380a29	\N
2025-06-13	15:00	c8eebc99-9c0b-4ef8-bb6d-6bb9bd380a19	a8eebc99-9c0b-4ef8-bb6d-6bb9bd380a29	\N
2025-06-13	15:20	c8eebc99-9c0b-4ef8-bb6d-6bb9bd380a19	a8eebc99-9c0b-4ef8-bb6d-6bb9bd380a29	\N
2025-06-16	09:00	c8eebc99-9c0b-4ef8-bb6d-6bb9bd380a19	a8eebc99-9c0b-4ef8-bb6d-6bb9bd380a29	\N
2025-06-16	09:40	c8eebc99-9c0b-4ef8-bb6d-6bb9bd380a19	a8eebc99-9c0b-4ef8-bb6d-6bb9bd380a29	\N
2025-06-16	10:20	c8eebc99-9c0b-4ef8-bb6d-6bb9bd380a19	a8eebc99-9c0b-4ef8-bb6d-6bb9bd380a29	\N
2025-06-16	14:00	c8eebc99-9c0b-4ef8-bb6d-6bb9bd380a19	a8eebc99-9c0b-4ef8-bb6d-6bb9bd380a29	\N
2025-06-16	14:20	c8eebc99-9c0b-4ef8-bb6d-6bb9bd380a19	a8eebc99-9c0b-4ef8-bb6d-6bb9bd380a29	\N
2025-06-16	14:40	c8eebc99-9c0b-4ef8-bb6d-6bb9bd380a19	a8eebc99-9c0b-4ef8-bb6d-6bb9bd380a29	\N
2025-06-16	15:00	c8eebc99-9c0b-4ef8-bb6d-6bb9bd380a19	a8eebc99-9c0b-4ef8-bb6d-6bb9bd380a29	\N
2025-06-16	15:20	c8eebc99-9c0b-4ef8-bb6d-6bb9bd380a19	a8eebc99-9c0b-4ef8-bb6d-6bb9bd380a29	\N
2025-06-17	09:00	c8eebc99-9c0b-4ef8-bb6d-6bb9bd380a19	a8eebc99-9c0b-4ef8-bb6d-6bb9bd380a29	\N
2025-06-17	09:40	c8eebc99-9c0b-4ef8-bb6d-6bb9bd380a19	a8eebc99-9c0b-4ef8-bb6d-6bb9bd380a29	\N
2025-06-17	10:20	c8eebc99-9c0b-4ef8-bb6d-6bb9bd380a19	a8eebc99-9c0b-4ef8-bb6d-6bb9bd380a29	\N
2025-06-17	14:00	c8eebc99-9c0b-4ef8-bb6d-6bb9bd380a19	a8eebc99-9c0b-4ef8-bb6d-6bb9bd380a29	\N
2025-06-17	14:20	c8eebc99-9c0b-4ef8-bb6d-6bb9bd380a19	a8eebc99-9c0b-4ef8-bb6d-6bb9bd380a29	\N
2025-06-17	14:40	c8eebc99-9c0b-4ef8-bb6d-6bb9bd380a19	a8eebc99-9c0b-4ef8-bb6d-6bb9bd380a29	\N
2025-06-17	15:00	c8eebc99-9c0b-4ef8-bb6d-6bb9bd380a19	a8eebc99-9c0b-4ef8-bb6d-6bb9bd380a29	\N
2025-06-17	15:20	c8eebc99-9c0b-4ef8-bb6d-6bb9bd380a19	a8eebc99-9c0b-4ef8-bb6d-6bb9bd380a29	\N
2025-06-18	09:00	c8eebc99-9c0b-4ef8-bb6d-6bb9bd380a19	a8eebc99-9c0b-4ef8-bb6d-6bb9bd380a29	\N
2025-06-18	09:40	c8eebc99-9c0b-4ef8-bb6d-6bb9bd380a19	a8eebc99-9c0b-4ef8-bb6d-6bb9bd380a29	\N
2025-06-18	10:20	c8eebc99-9c0b-4ef8-bb6d-6bb9bd380a19	a8eebc99-9c0b-4ef8-bb6d-6bb9bd380a29	\N
2025-06-18	14:00	c8eebc99-9c0b-4ef8-bb6d-6bb9bd380a19	a8eebc99-9c0b-4ef8-bb6d-6bb9bd380a29	\N
2025-06-18	14:20	c8eebc99-9c0b-4ef8-bb6d-6bb9bd380a19	a8eebc99-9c0b-4ef8-bb6d-6bb9bd380a29	\N
2025-06-18	14:40	c8eebc99-9c0b-4ef8-bb6d-6bb9bd380a19	a8eebc99-9c0b-4ef8-bb6d-6bb9bd380a29	\N
2025-06-18	15:00	c8eebc99-9c0b-4ef8-bb6d-6bb9bd380a19	a8eebc99-9c0b-4ef8-bb6d-6bb9bd380a29	\N
2025-06-18	15:20	c8eebc99-9c0b-4ef8-bb6d-6bb9bd380a19	a8eebc99-9c0b-4ef8-bb6d-6bb9bd380a29	\N
2025-06-19	09:00	c8eebc99-9c0b-4ef8-bb6d-6bb9bd380a19	a8eebc99-9c0b-4ef8-bb6d-6bb9bd380a29	\N
2025-06-19	09:40	c8eebc99-9c0b-4ef8-bb6d-6bb9bd380a19	a8eebc99-9c0b-4ef8-bb6d-6bb9bd380a29	\N
2025-06-19	10:20	c8eebc99-9c0b-4ef8-bb6d-6bb9bd380a19	a8eebc99-9c0b-4ef8-bb6d-6bb9bd380a29	\N
2025-06-19	14:00	c8eebc99-9c0b-4ef8-bb6d-6bb9bd380a19	a8eebc99-9c0b-4ef8-bb6d-6bb9bd380a29	\N
2025-06-19	14:20	c8eebc99-9c0b-4ef8-bb6d-6bb9bd380a19	a8eebc99-9c0b-4ef8-bb6d-6bb9bd380a29	\N
2025-06-19	14:40	c8eebc99-9c0b-4ef8-bb6d-6bb9bd380a19	a8eebc99-9c0b-4ef8-bb6d-6bb9bd380a29	\N
2025-06-19	15:00	c8eebc99-9c0b-4ef8-bb6d-6bb9bd380a19	a8eebc99-9c0b-4ef8-bb6d-6bb9bd380a29	\N
2025-06-19	15:20	c8eebc99-9c0b-4ef8-bb6d-6bb9bd380a19	a8eebc99-9c0b-4ef8-bb6d-6bb9bd380a29	\N
2025-06-20	09:00	c8eebc99-9c0b-4ef8-bb6d-6bb9bd380a19	a8eebc99-9c0b-4ef8-bb6d-6bb9bd380a29	\N
2025-06-20	09:40	c8eebc99-9c0b-4ef8-bb6d-6bb9bd380a19	a8eebc99-9c0b-4ef8-bb6d-6bb9bd380a29	\N
2025-06-20	10:20	c8eebc99-9c0b-4ef8-bb6d-6bb9bd380a19	a8eebc99-9c0b-4ef8-bb6d-6bb9bd380a29	\N
2025-06-20	14:00	c8eebc99-9c0b-4ef8-bb6d-6bb9bd380a19	a8eebc99-9c0b-4ef8-bb6d-6bb9bd380a29	\N
2025-06-20	14:20	c8eebc99-9c0b-4ef8-bb6d-6bb9bd380a19	a8eebc99-9c0b-4ef8-bb6d-6bb9bd380a29	\N
2025-06-20	14:40	c8eebc99-9c0b-4ef8-bb6d-6bb9bd380a19	a8eebc99-9c0b-4ef8-bb6d-6bb9bd380a29	\N
2025-06-20	15:00	c8eebc99-9c0b-4ef8-bb6d-6bb9bd380a19	a8eebc99-9c0b-4ef8-bb6d-6bb9bd380a29	\N
2025-06-20	15:20	c8eebc99-9c0b-4ef8-bb6d-6bb9bd380a19	a8eebc99-9c0b-4ef8-bb6d-6bb9bd380a29	\N
2025-06-23	09:00	c8eebc99-9c0b-4ef8-bb6d-6bb9bd380a19	a8eebc99-9c0b-4ef8-bb6d-6bb9bd380a29	\N
2025-06-23	09:40	c8eebc99-9c0b-4ef8-bb6d-6bb9bd380a19	a8eebc99-9c0b-4ef8-bb6d-6bb9bd380a29	\N
2025-06-23	10:20	c8eebc99-9c0b-4ef8-bb6d-6bb9bd380a19	a8eebc99-9c0b-4ef8-bb6d-6bb9bd380a29	\N
2025-06-23	14:00	c8eebc99-9c0b-4ef8-bb6d-6bb9bd380a19	a8eebc99-9c0b-4ef8-bb6d-6bb9bd380a29	\N
2025-06-23	14:20	c8eebc99-9c0b-4ef8-bb6d-6bb9bd380a19	a8eebc99-9c0b-4ef8-bb6d-6bb9bd380a29	\N
2025-06-23	14:40	c8eebc99-9c0b-4ef8-bb6d-6bb9bd380a19	a8eebc99-9c0b-4ef8-bb6d-6bb9bd380a29	\N
2025-06-23	15:00	c8eebc99-9c0b-4ef8-bb6d-6bb9bd380a19	a8eebc99-9c0b-4ef8-bb6d-6bb9bd380a29	\N
2025-06-23	15:20	c8eebc99-9c0b-4ef8-bb6d-6bb9bd380a19	a8eebc99-9c0b-4ef8-bb6d-6bb9bd380a29	\N
2025-06-24	09:00	c8eebc99-9c0b-4ef8-bb6d-6bb9bd380a19	a8eebc99-9c0b-4ef8-bb6d-6bb9bd380a29	\N
2025-06-24	09:40	c8eebc99-9c0b-4ef8-bb6d-6bb9bd380a19	a8eebc99-9c0b-4ef8-bb6d-6bb9bd380a29	\N
2025-06-24	10:20	c8eebc99-9c0b-4ef8-bb6d-6bb9bd380a19	a8eebc99-9c0b-4ef8-bb6d-6bb9bd380a29	\N
2025-06-24	14:00	c8eebc99-9c0b-4ef8-bb6d-6bb9bd380a19	a8eebc99-9c0b-4ef8-bb6d-6bb9bd380a29	\N
2025-06-24	14:20	c8eebc99-9c0b-4ef8-bb6d-6bb9bd380a19	a8eebc99-9c0b-4ef8-bb6d-6bb9bd380a29	\N
2025-06-24	14:40	c8eebc99-9c0b-4ef8-bb6d-6bb9bd380a19	a8eebc99-9c0b-4ef8-bb6d-6bb9bd380a29	\N
2025-06-24	15:00	c8eebc99-9c0b-4ef8-bb6d-6bb9bd380a19	a8eebc99-9c0b-4ef8-bb6d-6bb9bd380a29	\N
2025-06-24	15:20	c8eebc99-9c0b-4ef8-bb6d-6bb9bd380a19	a8eebc99-9c0b-4ef8-bb6d-6bb9bd380a29	\N
2025-06-04	09:00	d9eebc99-9c0b-4ef8-bb6d-6bb9bd380a20	b9eebc99-9c0b-4ef8-bb6d-6bb9bd380a30	\N
2025-06-04	09:40	d9eebc99-9c0b-4ef8-bb6d-6bb9bd380a20	b9eebc99-9c0b-4ef8-bb6d-6bb9bd380a30	\N
2025-06-04	10:20	d9eebc99-9c0b-4ef8-bb6d-6bb9bd380a20	b9eebc99-9c0b-4ef8-bb6d-6bb9bd380a30	\N
2025-06-04	14:00	d9eebc99-9c0b-4ef8-bb6d-6bb9bd380a20	b9eebc99-9c0b-4ef8-bb6d-6bb9bd380a30	\N
2025-06-04	14:20	d9eebc99-9c0b-4ef8-bb6d-6bb9bd380a20	b9eebc99-9c0b-4ef8-bb6d-6bb9bd380a30	\N
2025-06-04	14:40	d9eebc99-9c0b-4ef8-bb6d-6bb9bd380a20	b9eebc99-9c0b-4ef8-bb6d-6bb9bd380a30	\N
2025-06-04	15:00	d9eebc99-9c0b-4ef8-bb6d-6bb9bd380a20	b9eebc99-9c0b-4ef8-bb6d-6bb9bd380a30	\N
2025-06-04	15:20	d9eebc99-9c0b-4ef8-bb6d-6bb9bd380a20	b9eebc99-9c0b-4ef8-bb6d-6bb9bd380a30	\N
2025-06-05	09:00	d9eebc99-9c0b-4ef8-bb6d-6bb9bd380a20	b9eebc99-9c0b-4ef8-bb6d-6bb9bd380a30	\N
2025-06-05	09:40	d9eebc99-9c0b-4ef8-bb6d-6bb9bd380a20	b9eebc99-9c0b-4ef8-bb6d-6bb9bd380a30	\N
2025-06-05	10:20	d9eebc99-9c0b-4ef8-bb6d-6bb9bd380a20	b9eebc99-9c0b-4ef8-bb6d-6bb9bd380a30	\N
2025-06-05	14:00	d9eebc99-9c0b-4ef8-bb6d-6bb9bd380a20	b9eebc99-9c0b-4ef8-bb6d-6bb9bd380a30	\N
2025-06-05	14:20	d9eebc99-9c0b-4ef8-bb6d-6bb9bd380a20	b9eebc99-9c0b-4ef8-bb6d-6bb9bd380a30	\N
2025-06-05	14:40	d9eebc99-9c0b-4ef8-bb6d-6bb9bd380a20	b9eebc99-9c0b-4ef8-bb6d-6bb9bd380a30	\N
2025-06-05	15:00	d9eebc99-9c0b-4ef8-bb6d-6bb9bd380a20	b9eebc99-9c0b-4ef8-bb6d-6bb9bd380a30	\N
2025-06-05	15:20	d9eebc99-9c0b-4ef8-bb6d-6bb9bd380a20	b9eebc99-9c0b-4ef8-bb6d-6bb9bd380a30	\N
2025-06-06	09:00	d9eebc99-9c0b-4ef8-bb6d-6bb9bd380a20	b9eebc99-9c0b-4ef8-bb6d-6bb9bd380a30	\N
2025-06-06	09:40	d9eebc99-9c0b-4ef8-bb6d-6bb9bd380a20	b9eebc99-9c0b-4ef8-bb6d-6bb9bd380a30	\N
2025-06-06	10:20	d9eebc99-9c0b-4ef8-bb6d-6bb9bd380a20	b9eebc99-9c0b-4ef8-bb6d-6bb9bd380a30	\N
2025-06-06	14:00	d9eebc99-9c0b-4ef8-bb6d-6bb9bd380a20	b9eebc99-9c0b-4ef8-bb6d-6bb9bd380a30	\N
2025-06-06	14:20	d9eebc99-9c0b-4ef8-bb6d-6bb9bd380a20	b9eebc99-9c0b-4ef8-bb6d-6bb9bd380a30	\N
2025-06-06	14:40	d9eebc99-9c0b-4ef8-bb6d-6bb9bd380a20	b9eebc99-9c0b-4ef8-bb6d-6bb9bd380a30	\N
2025-06-06	15:00	d9eebc99-9c0b-4ef8-bb6d-6bb9bd380a20	b9eebc99-9c0b-4ef8-bb6d-6bb9bd380a30	\N
2025-06-06	15:20	d9eebc99-9c0b-4ef8-bb6d-6bb9bd380a20	b9eebc99-9c0b-4ef8-bb6d-6bb9bd380a30	\N
2025-06-09	09:00	d9eebc99-9c0b-4ef8-bb6d-6bb9bd380a20	b9eebc99-9c0b-4ef8-bb6d-6bb9bd380a30	\N
2025-06-09	09:40	d9eebc99-9c0b-4ef8-bb6d-6bb9bd380a20	b9eebc99-9c0b-4ef8-bb6d-6bb9bd380a30	\N
2025-06-09	10:20	d9eebc99-9c0b-4ef8-bb6d-6bb9bd380a20	b9eebc99-9c0b-4ef8-bb6d-6bb9bd380a30	\N
2025-06-09	14:00	d9eebc99-9c0b-4ef8-bb6d-6bb9bd380a20	b9eebc99-9c0b-4ef8-bb6d-6bb9bd380a30	\N
2025-06-09	14:20	d9eebc99-9c0b-4ef8-bb6d-6bb9bd380a20	b9eebc99-9c0b-4ef8-bb6d-6bb9bd380a30	\N
2025-06-09	14:40	d9eebc99-9c0b-4ef8-bb6d-6bb9bd380a20	b9eebc99-9c0b-4ef8-bb6d-6bb9bd380a30	\N
2025-06-09	15:00	d9eebc99-9c0b-4ef8-bb6d-6bb9bd380a20	b9eebc99-9c0b-4ef8-bb6d-6bb9bd380a30	\N
2025-06-09	15:20	d9eebc99-9c0b-4ef8-bb6d-6bb9bd380a20	b9eebc99-9c0b-4ef8-bb6d-6bb9bd380a30	\N
2025-06-10	09:00	d9eebc99-9c0b-4ef8-bb6d-6bb9bd380a20	b9eebc99-9c0b-4ef8-bb6d-6bb9bd380a30	\N
2025-06-10	09:40	d9eebc99-9c0b-4ef8-bb6d-6bb9bd380a20	b9eebc99-9c0b-4ef8-bb6d-6bb9bd380a30	\N
2025-06-10	10:20	d9eebc99-9c0b-4ef8-bb6d-6bb9bd380a20	b9eebc99-9c0b-4ef8-bb6d-6bb9bd380a30	\N
2025-06-10	14:00	d9eebc99-9c0b-4ef8-bb6d-6bb9bd380a20	b9eebc99-9c0b-4ef8-bb6d-6bb9bd380a30	\N
2025-06-10	14:20	d9eebc99-9c0b-4ef8-bb6d-6bb9bd380a20	b9eebc99-9c0b-4ef8-bb6d-6bb9bd380a30	\N
2025-06-10	14:40	d9eebc99-9c0b-4ef8-bb6d-6bb9bd380a20	b9eebc99-9c0b-4ef8-bb6d-6bb9bd380a30	\N
2025-06-10	15:00	d9eebc99-9c0b-4ef8-bb6d-6bb9bd380a20	b9eebc99-9c0b-4ef8-bb6d-6bb9bd380a30	\N
2025-06-10	15:20	d9eebc99-9c0b-4ef8-bb6d-6bb9bd380a20	b9eebc99-9c0b-4ef8-bb6d-6bb9bd380a30	\N
2025-06-11	09:00	d9eebc99-9c0b-4ef8-bb6d-6bb9bd380a20	b9eebc99-9c0b-4ef8-bb6d-6bb9bd380a30	\N
2025-06-11	09:40	d9eebc99-9c0b-4ef8-bb6d-6bb9bd380a20	b9eebc99-9c0b-4ef8-bb6d-6bb9bd380a30	\N
2025-06-11	10:20	d9eebc99-9c0b-4ef8-bb6d-6bb9bd380a20	b9eebc99-9c0b-4ef8-bb6d-6bb9bd380a30	\N
2025-06-11	14:00	d9eebc99-9c0b-4ef8-bb6d-6bb9bd380a20	b9eebc99-9c0b-4ef8-bb6d-6bb9bd380a30	\N
2025-06-11	14:20	d9eebc99-9c0b-4ef8-bb6d-6bb9bd380a20	b9eebc99-9c0b-4ef8-bb6d-6bb9bd380a30	\N
2025-06-11	14:40	d9eebc99-9c0b-4ef8-bb6d-6bb9bd380a20	b9eebc99-9c0b-4ef8-bb6d-6bb9bd380a30	\N
2025-06-11	15:00	d9eebc99-9c0b-4ef8-bb6d-6bb9bd380a20	b9eebc99-9c0b-4ef8-bb6d-6bb9bd380a30	\N
2025-06-11	15:20	d9eebc99-9c0b-4ef8-bb6d-6bb9bd380a20	b9eebc99-9c0b-4ef8-bb6d-6bb9bd380a30	\N
2025-06-12	09:00	d9eebc99-9c0b-4ef8-bb6d-6bb9bd380a20	b9eebc99-9c0b-4ef8-bb6d-6bb9bd380a30	\N
2025-06-12	09:40	d9eebc99-9c0b-4ef8-bb6d-6bb9bd380a20	b9eebc99-9c0b-4ef8-bb6d-6bb9bd380a30	\N
2025-06-12	10:20	d9eebc99-9c0b-4ef8-bb6d-6bb9bd380a20	b9eebc99-9c0b-4ef8-bb6d-6bb9bd380a30	\N
2025-06-12	14:00	d9eebc99-9c0b-4ef8-bb6d-6bb9bd380a20	b9eebc99-9c0b-4ef8-bb6d-6bb9bd380a30	\N
2025-06-12	14:40	d9eebc99-9c0b-4ef8-bb6d-6bb9bd380a20	b9eebc99-9c0b-4ef8-bb6d-6bb9bd380a30	\N
2025-06-12	15:00	d9eebc99-9c0b-4ef8-bb6d-6bb9bd380a20	b9eebc99-9c0b-4ef8-bb6d-6bb9bd380a30	\N
2025-06-12	15:20	d9eebc99-9c0b-4ef8-bb6d-6bb9bd380a20	b9eebc99-9c0b-4ef8-bb6d-6bb9bd380a30	\N
2025-06-13	09:00	d9eebc99-9c0b-4ef8-bb6d-6bb9bd380a20	b9eebc99-9c0b-4ef8-bb6d-6bb9bd380a30	\N
2025-06-13	09:40	d9eebc99-9c0b-4ef8-bb6d-6bb9bd380a20	b9eebc99-9c0b-4ef8-bb6d-6bb9bd380a30	\N
2025-06-13	10:20	d9eebc99-9c0b-4ef8-bb6d-6bb9bd380a20	b9eebc99-9c0b-4ef8-bb6d-6bb9bd380a30	\N
2025-06-13	14:00	d9eebc99-9c0b-4ef8-bb6d-6bb9bd380a20	b9eebc99-9c0b-4ef8-bb6d-6bb9bd380a30	\N
2025-06-13	14:20	d9eebc99-9c0b-4ef8-bb6d-6bb9bd380a20	b9eebc99-9c0b-4ef8-bb6d-6bb9bd380a30	\N
2025-06-13	14:40	d9eebc99-9c0b-4ef8-bb6d-6bb9bd380a20	b9eebc99-9c0b-4ef8-bb6d-6bb9bd380a30	\N
2025-06-13	15:00	d9eebc99-9c0b-4ef8-bb6d-6bb9bd380a20	b9eebc99-9c0b-4ef8-bb6d-6bb9bd380a30	\N
2025-06-13	15:20	d9eebc99-9c0b-4ef8-bb6d-6bb9bd380a20	b9eebc99-9c0b-4ef8-bb6d-6bb9bd380a30	\N
2025-06-16	09:00	d9eebc99-9c0b-4ef8-bb6d-6bb9bd380a20	b9eebc99-9c0b-4ef8-bb6d-6bb9bd380a30	\N
2025-06-16	09:40	d9eebc99-9c0b-4ef8-bb6d-6bb9bd380a20	b9eebc99-9c0b-4ef8-bb6d-6bb9bd380a30	\N
2025-06-16	10:20	d9eebc99-9c0b-4ef8-bb6d-6bb9bd380a20	b9eebc99-9c0b-4ef8-bb6d-6bb9bd380a30	\N
2025-06-16	14:00	d9eebc99-9c0b-4ef8-bb6d-6bb9bd380a20	b9eebc99-9c0b-4ef8-bb6d-6bb9bd380a30	\N
2025-06-16	14:20	d9eebc99-9c0b-4ef8-bb6d-6bb9bd380a20	b9eebc99-9c0b-4ef8-bb6d-6bb9bd380a30	\N
2025-06-16	14:40	d9eebc99-9c0b-4ef8-bb6d-6bb9bd380a20	b9eebc99-9c0b-4ef8-bb6d-6bb9bd380a30	\N
2025-06-16	15:00	d9eebc99-9c0b-4ef8-bb6d-6bb9bd380a20	b9eebc99-9c0b-4ef8-bb6d-6bb9bd380a30	\N
2025-06-16	15:20	d9eebc99-9c0b-4ef8-bb6d-6bb9bd380a20	b9eebc99-9c0b-4ef8-bb6d-6bb9bd380a30	\N
2025-06-17	09:00	d9eebc99-9c0b-4ef8-bb6d-6bb9bd380a20	b9eebc99-9c0b-4ef8-bb6d-6bb9bd380a30	\N
2025-06-17	09:40	d9eebc99-9c0b-4ef8-bb6d-6bb9bd380a20	b9eebc99-9c0b-4ef8-bb6d-6bb9bd380a30	\N
2025-06-17	10:20	d9eebc99-9c0b-4ef8-bb6d-6bb9bd380a20	b9eebc99-9c0b-4ef8-bb6d-6bb9bd380a30	\N
2025-06-17	14:00	d9eebc99-9c0b-4ef8-bb6d-6bb9bd380a20	b9eebc99-9c0b-4ef8-bb6d-6bb9bd380a30	\N
2025-06-17	14:20	d9eebc99-9c0b-4ef8-bb6d-6bb9bd380a20	b9eebc99-9c0b-4ef8-bb6d-6bb9bd380a30	\N
2025-06-17	14:40	d9eebc99-9c0b-4ef8-bb6d-6bb9bd380a20	b9eebc99-9c0b-4ef8-bb6d-6bb9bd380a30	\N
2025-06-17	15:00	d9eebc99-9c0b-4ef8-bb6d-6bb9bd380a20	b9eebc99-9c0b-4ef8-bb6d-6bb9bd380a30	\N
2025-06-17	15:20	d9eebc99-9c0b-4ef8-bb6d-6bb9bd380a20	b9eebc99-9c0b-4ef8-bb6d-6bb9bd380a30	\N
2025-06-18	09:00	d9eebc99-9c0b-4ef8-bb6d-6bb9bd380a20	b9eebc99-9c0b-4ef8-bb6d-6bb9bd380a30	\N
2025-06-18	09:40	d9eebc99-9c0b-4ef8-bb6d-6bb9bd380a20	b9eebc99-9c0b-4ef8-bb6d-6bb9bd380a30	\N
2025-06-18	10:20	d9eebc99-9c0b-4ef8-bb6d-6bb9bd380a20	b9eebc99-9c0b-4ef8-bb6d-6bb9bd380a30	\N
2025-06-18	14:00	d9eebc99-9c0b-4ef8-bb6d-6bb9bd380a20	b9eebc99-9c0b-4ef8-bb6d-6bb9bd380a30	\N
2025-06-18	14:20	d9eebc99-9c0b-4ef8-bb6d-6bb9bd380a20	b9eebc99-9c0b-4ef8-bb6d-6bb9bd380a30	\N
2025-06-18	14:40	d9eebc99-9c0b-4ef8-bb6d-6bb9bd380a20	b9eebc99-9c0b-4ef8-bb6d-6bb9bd380a30	\N
2025-06-18	15:00	d9eebc99-9c0b-4ef8-bb6d-6bb9bd380a20	b9eebc99-9c0b-4ef8-bb6d-6bb9bd380a30	\N
2025-06-18	15:20	d9eebc99-9c0b-4ef8-bb6d-6bb9bd380a20	b9eebc99-9c0b-4ef8-bb6d-6bb9bd380a30	\N
2025-06-19	09:00	d9eebc99-9c0b-4ef8-bb6d-6bb9bd380a20	b9eebc99-9c0b-4ef8-bb6d-6bb9bd380a30	\N
2025-06-19	09:40	d9eebc99-9c0b-4ef8-bb6d-6bb9bd380a20	b9eebc99-9c0b-4ef8-bb6d-6bb9bd380a30	\N
2025-06-19	10:20	d9eebc99-9c0b-4ef8-bb6d-6bb9bd380a20	b9eebc99-9c0b-4ef8-bb6d-6bb9bd380a30	\N
2025-06-19	14:00	d9eebc99-9c0b-4ef8-bb6d-6bb9bd380a20	b9eebc99-9c0b-4ef8-bb6d-6bb9bd380a30	\N
2025-06-19	14:20	d9eebc99-9c0b-4ef8-bb6d-6bb9bd380a20	b9eebc99-9c0b-4ef8-bb6d-6bb9bd380a30	\N
2025-06-19	14:40	d9eebc99-9c0b-4ef8-bb6d-6bb9bd380a20	b9eebc99-9c0b-4ef8-bb6d-6bb9bd380a30	\N
2025-06-19	15:00	d9eebc99-9c0b-4ef8-bb6d-6bb9bd380a20	b9eebc99-9c0b-4ef8-bb6d-6bb9bd380a30	\N
2025-06-19	15:20	d9eebc99-9c0b-4ef8-bb6d-6bb9bd380a20	b9eebc99-9c0b-4ef8-bb6d-6bb9bd380a30	\N
2025-06-20	09:00	d9eebc99-9c0b-4ef8-bb6d-6bb9bd380a20	b9eebc99-9c0b-4ef8-bb6d-6bb9bd380a30	\N
2025-06-20	09:40	d9eebc99-9c0b-4ef8-bb6d-6bb9bd380a20	b9eebc99-9c0b-4ef8-bb6d-6bb9bd380a30	\N
2025-06-20	10:20	d9eebc99-9c0b-4ef8-bb6d-6bb9bd380a20	b9eebc99-9c0b-4ef8-bb6d-6bb9bd380a30	\N
2025-06-20	14:00	d9eebc99-9c0b-4ef8-bb6d-6bb9bd380a20	b9eebc99-9c0b-4ef8-bb6d-6bb9bd380a30	\N
2025-06-20	14:20	d9eebc99-9c0b-4ef8-bb6d-6bb9bd380a20	b9eebc99-9c0b-4ef8-bb6d-6bb9bd380a30	\N
2025-06-20	14:40	d9eebc99-9c0b-4ef8-bb6d-6bb9bd380a20	b9eebc99-9c0b-4ef8-bb6d-6bb9bd380a30	\N
2025-06-20	15:00	d9eebc99-9c0b-4ef8-bb6d-6bb9bd380a20	b9eebc99-9c0b-4ef8-bb6d-6bb9bd380a30	\N
2025-06-20	15:20	d9eebc99-9c0b-4ef8-bb6d-6bb9bd380a20	b9eebc99-9c0b-4ef8-bb6d-6bb9bd380a30	\N
2025-06-23	09:00	d9eebc99-9c0b-4ef8-bb6d-6bb9bd380a20	b9eebc99-9c0b-4ef8-bb6d-6bb9bd380a30	\N
2025-06-23	09:40	d9eebc99-9c0b-4ef8-bb6d-6bb9bd380a20	b9eebc99-9c0b-4ef8-bb6d-6bb9bd380a30	\N
2025-06-23	10:20	d9eebc99-9c0b-4ef8-bb6d-6bb9bd380a20	b9eebc99-9c0b-4ef8-bb6d-6bb9bd380a30	\N
2025-06-23	14:00	d9eebc99-9c0b-4ef8-bb6d-6bb9bd380a20	b9eebc99-9c0b-4ef8-bb6d-6bb9bd380a30	\N
2025-06-23	14:20	d9eebc99-9c0b-4ef8-bb6d-6bb9bd380a20	b9eebc99-9c0b-4ef8-bb6d-6bb9bd380a30	\N
2025-06-23	14:40	d9eebc99-9c0b-4ef8-bb6d-6bb9bd380a20	b9eebc99-9c0b-4ef8-bb6d-6bb9bd380a30	\N
2025-06-23	15:00	d9eebc99-9c0b-4ef8-bb6d-6bb9bd380a20	b9eebc99-9c0b-4ef8-bb6d-6bb9bd380a30	\N
2025-06-23	15:20	d9eebc99-9c0b-4ef8-bb6d-6bb9bd380a20	b9eebc99-9c0b-4ef8-bb6d-6bb9bd380a30	\N
2025-06-24	09:00	d9eebc99-9c0b-4ef8-bb6d-6bb9bd380a20	b9eebc99-9c0b-4ef8-bb6d-6bb9bd380a30	\N
2025-06-24	09:40	d9eebc99-9c0b-4ef8-bb6d-6bb9bd380a20	b9eebc99-9c0b-4ef8-bb6d-6bb9bd380a30	\N
2025-06-24	10:20	d9eebc99-9c0b-4ef8-bb6d-6bb9bd380a20	b9eebc99-9c0b-4ef8-bb6d-6bb9bd380a30	\N
2025-06-24	14:00	d9eebc99-9c0b-4ef8-bb6d-6bb9bd380a20	b9eebc99-9c0b-4ef8-bb6d-6bb9bd380a30	\N
2025-06-24	14:20	d9eebc99-9c0b-4ef8-bb6d-6bb9bd380a20	b9eebc99-9c0b-4ef8-bb6d-6bb9bd380a30	\N
2025-06-24	14:40	d9eebc99-9c0b-4ef8-bb6d-6bb9bd380a20	b9eebc99-9c0b-4ef8-bb6d-6bb9bd380a30	\N
2025-06-24	15:00	d9eebc99-9c0b-4ef8-bb6d-6bb9bd380a20	b9eebc99-9c0b-4ef8-bb6d-6bb9bd380a30	\N
2025-06-24	15:20	d9eebc99-9c0b-4ef8-bb6d-6bb9bd380a20	b9eebc99-9c0b-4ef8-bb6d-6bb9bd380a30	\N
2025-06-06	09:40	c2eebc99-9c0b-4ef8-bb6d-6bb9bd380a13	a2eebc99-9c0b-4ef8-bb6d-6bb9bd380a23	8a849bbe-1eff-429b-8beb-3a3b251f27e0
2025-06-05	09:40	a0eebc99-9c0b-4ef8-bb6d-6bb9bd380a11	f1eebc99-9c0b-4ef8-bb6d-6bb9bd380a22	8a849bbe-1eff-429b-8beb-3a3b251f27e0
2025-06-13	15:00	d3eebc99-9c0b-4ef8-bb6d-6bb9bd380a14	b3eebc99-9c0b-4ef8-bb6d-6bb9bd380a24	\N
2025-06-05	15:20	e4eebc99-9c0b-4ef8-bb6d-6bb9bd380a15	c4eebc99-9c0b-4ef8-bb6d-6bb9bd380a25	\N
2025-06-12	14:20	d9eebc99-9c0b-4ef8-bb6d-6bb9bd380a20	b9eebc99-9c0b-4ef8-bb6d-6bb9bd380a30	\N
2025-06-13	09:00	e4eebc99-9c0b-4ef8-bb6d-6bb9bd380a15	c4eebc99-9c0b-4ef8-bb6d-6bb9bd380a25	\N
2025-06-20	09:40	a6eebc99-9c0b-4ef8-bb6d-6bb9bd380a17	e6eebc99-9c0b-4ef8-bb6d-6bb9bd380a27	\N
\.


--
-- Data for Name: cabinet; Type: TABLE DATA; Schema: public; Owner: yydz
--




--
-- Data for Name: doctor; Type: TABLE DATA; Schema: public; Owner: yydz
--




--
-- Data for Name: profile; Type: TABLE DATA; Schema: public; Owner: yydz
--




--
-- Data for Name: specialization; Type: TABLE DATA; Schema: public; Owner: yydz
--




--
-- Name: appointment appointment_pk; Type: CONSTRAINT; Schema: public; Owner: yydz
--

ALTER TABLE ONLY public.appointment
    ADD CONSTRAINT appointment_pk PRIMARY KEY ("time", date, doctor_id);


--
-- Name: cabinet cabinet_pk; Type: CONSTRAINT; Schema: public; Owner: yydz
--

ALTER TABLE ONLY public.cabinet
    ADD CONSTRAINT cabinet_pk PRIMARY KEY (id);


--
-- Name: doctor doctor_pk; Type: CONSTRAINT; Schema: public; Owner: yydz
--

ALTER TABLE ONLY public.doctor
    ADD CONSTRAINT doctor_pk PRIMARY KEY (id);


--
-- Name: profile profile_pk; Type: CONSTRAINT; Schema: public; Owner: yydz
--

ALTER TABLE ONLY public.profile
    ADD CONSTRAINT profile_pk PRIMARY KEY (id);


--
-- Name: specialization specialization_pk; Type: CONSTRAINT; Schema: public; Owner: yydz
--

ALTER TABLE ONLY public.specialization
    ADD CONSTRAINT specialization_pk PRIMARY KEY (id);


--
-- Name: appointment appointment_cabinet_id_fk; Type: FK CONSTRAINT; Schema: public; Owner: yydz
--

ALTER TABLE ONLY public.appointment
    ADD CONSTRAINT appointment_cabinet_id_fk FOREIGN KEY (cabinet_id) REFERENCES public.cabinet(id);


--
-- Name: appointment appointment_doctor_id_fk; Type: FK CONSTRAINT; Schema: public; Owner: yydz
--

ALTER TABLE ONLY public.appointment
    ADD CONSTRAINT appointment_doctor_id_fk FOREIGN KEY (doctor_id) REFERENCES public.doctor(id);


--
-- Name: appointment appointment_profile_id_fk; Type: FK CONSTRAINT; Schema: public; Owner: yydz
--

ALTER TABLE ONLY public.appointment
    ADD CONSTRAINT appointment_profile_id_fk FOREIGN KEY (profile_id) REFERENCES public.profile(id);


--
-- Name: cabinet cabinet_specialization_id_fk; Type: FK CONSTRAINT; Schema: public; Owner: yydz
--

ALTER TABLE ONLY public.cabinet
    ADD CONSTRAINT cabinet_specialization_id_fk FOREIGN KEY (specialization_id) REFERENCES public.specialization(id);


--
-- Name: doctor doctor_specialization_id_fk; Type: FK CONSTRAINT; Schema: public; Owner: yydz
--

ALTER TABLE ONLY public.doctor
    ADD CONSTRAINT doctor_specialization_id_fk FOREIGN KEY (specialization_id) REFERENCES public.specialization(id);


--
-- PostgreSQL database dump complete
--

